Comuna_Origen_Busqueda,Categoria,Nombre,Direccion,Latitud,Longitud
Santiago,botilleria,Botilleria Moscu Mac iver,"Enrique Mac Iver 269, Santiago",-33.4395668,-70.6466607
Santiago,botilleria,Botillería Market Berlin,"Lord Cochrane 651, Santiago",-33.4540662,-70.65431459999999
Santiago,botilleria,Botilleria Carmen,"Marcoleta 498, Santiago",-33.4434747,-70.64301809999999
Santiago,botilleria,Botillería El Oasis,"San Diego 658, Santiago",-33.453562,-70.649999
Santiago,botilleria,Botilleria La Raja,"Curicó 414, Santiago",-33.4455541,-70.64067039999999
Santiago,botilleria,"BOTILLERÍA Y MINIMARKET ""QUEQUEREKE""","Calle, Padre Miguel de Olivares 1410 A, Local 2, Santiago",-33.4490399,-70.6551461
Santiago,botilleria,Botilleria Licoteca,"Av. Manuel Antonio Matta 336, Santiago",-33.4566523,-70.6344716
Santiago,botilleria,Botilleria Siberia,"Serrano 608, local 7, Santiago",-33.4523911,-70.6477857
Santiago,botilleria,Botilleria San Ruperto,"San Isidro 282, Santiago",-33.447466,-70.6436885
Santiago,botilleria,Almacén y botillería Gloria,"Moneda 1498, Santiago",-33.442668,-70.65759539999999
Santiago,botilleria,Botilleria ryuu,"San Francisco 602, Santiago",-33.452206,-70.646558
Santiago,botilleria,La Patrona Botilleria,"Arturo Prat 650, Santiago",-33.4531825,-70.6483922
Santiago,botilleria,Botilleria Paulito,"Curicó 390, Santiago",-33.4453719,-70.6399404
Santiago,botilleria,Botilleria LicorLand,"Miraflores 412, Santiago",-33.4377998,-70.6457256
Santiago,botilleria,Botillería Jasima,"Lira 112, Santiago",-33.4439835,-70.6407643
Santiago,botilleria,Licores Garrison Botillería,"Gral. Prieto 1018, Local 109, Santiago, Independencia",-33.4299275,-70.6537225
Santiago,botilleria,Botilleria Mustafa,Santiago,-33.4548126,-70.6403572
Santiago,botilleria,Botillería y Minimarket Maite,"Claudio Gay 2625, Santiago",-33.4566441,-70.6723885
Santiago,botilleria,BOTILLERIA LOS DELFINES,"Monjitas 391, Santiago",-33.4365006,-70.64292630000001
Santiago,botilleria,"Botilleria ""El Bodegón de Bellavista""","Bellavista 0856 , Providencia, Santiago, Providencia",-33.428935,-70.6259804
Santiago,botilleria,"Botillería ""Don Jacinto""","Club Hípico 714, Santiago",-33.4564749,-70.6648337
Santiago,botilleria,Botillería El Monarka Independencia,"Calle Gamero 1602, Independencia",-33.4211609,-70.6590658
Santiago,botilleria,Liquor Store Drink Palace,"San Diego 350, Santiago",-33.4498306,-70.6505703
Santiago,botilleria,Botillería Naldy,"Catedral 1486, Santiago",-33.4381947,-70.65805399999999
Santiago,botilleria,Botilleria Santo Licor,"Rosas 1472, Santiago",-33.4358184,-70.65808679999999
Santiago,botilleria,Minimarket y Botilleria San Juan,"Root 567, Santiago",-33.4471807,-70.6434131
Santiago,botilleria,Botilleria El Alquimista,"Av. Ricardo Cumming 181, Santiago",-33.4429123,-70.667705
Santiago,botilleria,Botilleria El Vertigo,"Lira 173, Santiago",-33.4454286,-70.6404295
Santiago,botilleria,Botilleria Birras,"Dieciocho 39, Santiago",-33.4465407,-70.65846619999999
Santiago,botilleria,Botillería El Progreso,"Nataniel Cox 364, Santiago",-33.4505136,-70.653018
Santiago,botilleria,Botilleria Too el Rato Bustamante,"Av. Gral. Bustamante 911, Ñuñoa",-33.4531335,-70.6292196
Santiago,botilleria,Botilleria del parque bustamante,"Av. Gral. Bustamante 128b, Providencia",-33.4421475,-70.63090679999999
Santiago,botilleria,Botillería la Chinita,"Sara Gajardo 2724, Santiago, Independencia",-33.4224748,-70.6709382
Santiago,botilleria,Botillería Salvatore,"San Francisco 60, Santiago",-33.4444892,-70.64699929999999
Santiago,botilleria,Botilleria Serrano,Santiago,-33.4502714,-70.6481861
Santiago,botilleria,Botillería Baquedano,"Calle, Gral. Baquedano 976, Santiago",-33.4330298,-70.6664996
Santiago,botilleria,Botillería Rosmerie,"San Ignacio de Loyola 287, Santiago",-33.4503218,-70.6566241
Santiago,botilleria,Aqua Botilleria,"Tucapel Jiménez 135, Santiago",-33.4423009,-70.6589066
Santiago,botilleria,Botillería & Minimarket 40&20,"Colon 1803, Escanilla 802, Independencia",-33.4227666,-70.6600766
Santiago,botilleria,Botilleria 24/7,"Rosas 1408, Santiago",-33.4358171,-70.6573393
Santiago,botilleria,Botillería los Mangnificos,"Santo Domingo 1702, Santiago",-33.4373921,-70.6612298
Santiago,botilleria,Full Market Botilleria,"Arturo Prat 650, Santiago",-33.4531731,-70.6483889
Santiago,botilleria,Botillería Boticheli,"Av. Almte. Blanco Encalada 2151, Santiago",-33.4569831,-70.6650023
Santiago,botilleria,El Toro Botilleria By Omar y Mari,"Presidente - Aníbal Pinto 1400, Independencia",-33.4277216,-70.6579805
Santiago,botilleria,Botilleria,"Rosas 2293, Santiago",-33.4365132,-70.66857569999999
Santiago,botilleria,Botilleria San remo,"Coquimbo 272, Santiago",-33.4539124,-70.6335374
Santiago,botilleria,Botillería S.R,"Dardignac 194, Recoleta",-33.4328018,-70.6421331
Santiago,botilleria,Botilleria Fuse,"esquina - Salomón Sack, Enrique Soro 501, Independencia",-33.4186033,-70.6725503
Santiago,botilleria,Botilleria no es de nadie,"Santo Domingo 2756, Santiago",-33.438092,-70.6739936
Santiago,botilleria,Botilleria Minimarket,"San Francisco 32, Santiago",-33.4439882,-70.6470043
Santiago,botilleria,"Almacen Y Botilleria ""La Esquina""","Libertad 501, Santiago",-33.4396221,-70.674182
Santiago,botilleria,ESCUDO BOTILLERIA Y MINIMARKET,Santiago,-33.4397286,-70.6623395
Santiago,botilleria,Botillería El Estado,"P.º Estado 333, Santiago",-33.4390898,-70.6493192
Santiago,botilleria,Botilleria Full Market,Santiago,-33.4370415,-70.6583119
Santiago,botilleria,Botilleria Anpapani,"Lord Cochrane 660, Santiago",-33.4540186,-70.65400009999999
Santiago,botilleria,Botilleria,"Morandé 895, Santiago",-33.4333114,-70.6545225
Santiago,botilleria,"Botillería ""El Licenciado.com""","2 Nte. 1853, Independencia",-33.4250823,-70.66490519999999
Santiago,botilleria,BOTILLERÍA EL SALVA,"Cuevas, Santiago",-33.4566811,-70.6345331
Santiago,botilleria,Botilleria Llanos,"Fariña 498, Recoleta",-33.4253875,-70.6495384
Santiago,botilleria,BOTILLERIA LA CARIBEÑA,"Rivera 1444, Independencia",-33.4258344,-70.6564941
Santiago,discoteca,Club Ambar,"Ernesto Pinto Lagarrigue 154, Santiago, Recoleta",-33.4326948,-70.6373073
Santiago,discoteca,La Facultad discoteca,"Pío Nono 398, Recoleta",-33.43063120000001,-70.63641729999999
Santiago,discoteca,Blondie,"Avda Liber Bernardo O`Higgins 2879, Santiago",-33.4492062,-70.67383749999999
Santiago,discoteca,Punta Brown,"Av. Recoleta 345, Recoleta",-33.4290692,-70.6467211
Santiago,discoteca,club57,"Antonia López de Bello 025, Providencia",-33.4323006,-70.63566589999999
Santiago,discoteca,Terraza Harvard,"Pío Nono 148, Recoleta",-33.4327658,-70.63634139999999
Santiago,discoteca,Bal Le Duc,"Av. Manuel Antonio Matta 129, Santiago",-33.4554722,-70.6318481
Santiago,discoteca,Club Footloose,"Sta. Elena 920, Santiago",-33.4538308,-70.631708
Santiago,discoteca,Club Soda,"Antonia López de Bello 125, Recoleta",-33.4316818,-70.6390931
Santiago,discoteca,Coco Club,"Pío Nono 398, Recoleta",-33.4306307,-70.6364171
Santiago,discoteca,Club Mandala,"Antonia López de Bello 043, Providencia",-33.4321957,-70.6355042
Santiago,discoteca,Jammin-club,"Antonia López de Bello 40, Recoleta",-33.4322144,-70.6366939
Santiago,discoteca,Grammy Discotheque,"Av. Irarrázaval 027, Ñuñoa",-33.4522595,-70.63027559999999
Santiago,discoteca,Micro Club,"Ernesto Pinto Lagarrigue 154, Recoleta",-33.4327699,-70.6373897
Santiago,discoteca,Caracas club,"Antonia López de Bello 23, Recoleta",-33.43202,-70.636529
Santiago,discoteca,Illuminati,"Antonia López de Bello 133, Recoleta",-33.4317285,-70.6392692
Santiago,discoteca,Safari Club,"Ernesto Pinto Lagarrigue 133, Recoleta",-33.4328403,-70.636879
Santiago,discoteca,La Rumba Multiespacio.,"Pío Nono 127, Providencia",-33.4330226,-70.6357362
Santiago,discoteca,El Tunel,"Santo Domingo 439, Santiago",-33.4360756,-70.64383339999999
Santiago,discoteca,"Liga Urbana - Bar , Pub, Restaurante , Discoteca - Barrio Bellavista","Pío Nono 160, Recoleta",-33.432615,-70.63612250000001
Santiago,discoteca,Club Chocolate,"Ernesto Pinto Lagarrigue 192, Recoleta",-33.432324,-70.63742289999999
Santiago,discoteca,Casa Huemul,"Ernesto Pinto Lagarrigue 80, Recoleta",-33.4337678,-70.6374087
Santiago,discoteca,Club Room,"Seúl 460, Recoleta",-33.4306837,-70.64539669999999
Santiago,discoteca,Ex Femme,"Bombero Núñez 169, Recoleta",-33.4321461,-70.63975769999999
Santiago,discoteca,Limón Santiago,"Dardignac 142, Recoleta",-33.4332418,-70.6404271
Santiago,discoteca,El Clan,"Bombero Núñez 363, Recoleta",-33.4298048,-70.63858549999999
Santiago,discoteca,Club Montt,"Barrio Italia, Providencia, Santiago, Providencia",-33.4472421,-70.62598009999999
Santiago,discoteca,Gyvens Club,"Pío Nono 330, Providencia, Recoleta",-33.4315892,-70.6363006
Santiago,discoteca,Hangar Bellavista,"Sta. Filomena 10, Recoleta",-33.4308676,-70.6365248
Santiago,discoteca,LA JAULA,"Antonia López de Bello 49, Recoleta",-33.431915,-70.6374354
Santiago,discoteca,The Box Stgo,"Ernesto Pinto Lagarrigue 364, Recoleta",-33.4300919,-70.63725269999999
Santiago,discoteca,Club Orixas,"Tarapacá 755, Santiago",-33.4464607,-70.6464457
Santiago,discoteca,Espacio Harvard,"Pío Nono 114, Providencia, Recoleta",-33.4327317,-70.63619419999999
Santiago,discoteca,CLUBTHERUM,"Ernesto Pinto Lagarrigue 299, Recoleta",-33.4306553,-70.6372349
Santiago,discoteca,Ex Fábrica,"Seúl 426, Recoleta",-33.4307002,-70.6449654
Santiago,discoteca,Club The Hive,"Antonia López de Bello 34, Recoleta",-33.4323119,-70.63659109999999
Santiago,discoteca,Club de Noche,"Miraflores 345, Santiago",-33.4385831,-70.6454476
Santiago,estacion de metro,Santa Ana,Santiago,-33.43810330000001,-70.6599026
Santiago,estacion de metro,Parque Bustamante,Providencia,-33.4428392,-70.63163399999999
Santiago,estacion de metro,Santa Isabel,Providencia,-33.4469507,-70.6304497
Santiago,estacion de metro,Cerro Blanco,Recoleta,-33.42255,-70.64497
Santiago,estacion de metro,Patronato,Recoleta,-33.42963,-70.64706
Santiago,estacion de metro,Cumming,Santiago,-33.4391,-70.66843
Santiago,estacion de metro,Parque Almagro,Santiago,-33.451498,-70.6506302
Santiago,estacion de metro,Santa Lucía,Santiago,-33.44269,-70.64572000000001
Santiago,estacion de metro,Hospitales,Independencia,-33.417663,-70.656373
Santiago,estacion de metro,República,Santiago,-33.4477218,-70.6670293
Santiago,estacion de metro,La Moneda,Santiago,-33.44486,-70.65481
Santiago,estacion de metro,Irarrázaval,Ñuñoa,-33.453135,-70.62892939999999
Santiago,estacion de metro,Toesca,Santiago,-33.4529468,-70.65855
Santiago,estacion de metro,Baquedano,Providencia,-33.43746,-70.63416
Santiago,estacion de metro,Puente Cal y Canto,Santiago,-33.4327343,-70.6523831
Santiago,estacion de metro,Salvador,Providencia,-33.43311,-70.62659
Santiago,estacion de metro,Universidad Católica,Santiago,-33.44022,-70.64054999999999
Santiago,estacion de metro,Bellas Artes,Santiago,-33.4364506,-70.64422139999999
Santiago,estacion de metro,Unión Latinoamericana,Santiago,-33.44947,-70.6732
Santiago,estacion de metro,Los Héroes,Santiago,-33.44615,-70.66038
Santiago,estacion de metro,Universidad de Chile,Santiago,-33.443809,-70.650391
Santiago,estacion de metro,Santa Ana L5,Santiago,-33.4379626,-70.6603336
Santiago,estacion de metro,Santa Isabel metro station,"Av. Sta. Isabel 299, Providencia",-33.4470595,-70.630651
Santiago,estacion de metro,Plaza de Armas,Santiago,-33.4374531,-70.6528089
Santiago,estacion de metro,Puente Cal y Canto L3,Santiago,-33.43277,-70.65176
Santiago,estacion de metro,Estación Metro Santa Ana,"San Martín 477, Santiago",-33.4382403,-70.65839330000001
Santiago,estacion de metro,Estación Plaza de Armas Línea 3,"Catedral, Santiago",-33.4374289,-70.65282839999999
Santiago,estacion de metro,PA774-Parada 14 / (M) Santa Ana,Santiago,-33.4368623,-70.6584941
Santiago,estacion de metro,estacion de metro de santa lucia,"Eleuterio Ramírez 645, Santiago",-33.4478624,-70.644261
Santiago,estacion de metro,PA44-Miraflores / esq. Merced,Santiago,-33.438208,-70.645538
Santiago,estacion de metro,PA303-Parada 1 / (M) Santa Ana,Santiago,-33.4369527,-70.6588931
Santiago,estacion de metro,PA329-Parada 13 / Estación Mapocho,Santiago,-33.4318435,-70.6522313
Santiago,estacion de metro,PA190-Parada 10 / (M) Santa Ana,Santiago,-33.437983,-70.6603354
Santiago,estacion de metro,PA51-Parada 3 / (M) Santa Ana,Santiago,-33.4385809,-70.65824500000001
Santiago,estacion de metro,PA243-Parada 5 / (M) Santa Ana,Santiago,-33.4394874,-70.6593089
Santiago,estacion de metro,PA300-Parada 9 / Estación Mapocho,Santiago,-33.43322819999999,-70.65389019999999
Santiago,estacion de metro,Metro Patronato,"Av. Recoleta 313, Recoleta",-33.4294237,-70.64684799999999
Santiago,estacion de metro,PA385-Parada 3 / (M) Santa Lucía,Santiago,-33.44242,-70.64529999999999
Santiago,estacion de metro,PC506-Parada / Clínica Santa María,Providencia,-33.4334264,-70.6285884
Santiago,estacion de metro,Metro Irarrázaval,"Av. Gral. Bustamante 991, Ñuñoa",-33.4535565,-70.628969
Santiago,estacion de metro,PA380-Parada 4 / Estación Mapocho,Santiago,-33.43256,-70.65137
Santiago,estacion de metro,Metro la moneda,"La Moneda - Moneda, Santiago",-33.444865,-70.6548273
Santiago,estacion de metro,PA48-Parada 1 / Estación Mapocho,Santiago,-33.43259,-70.65334
Santiago,estacion de metro,PA115-Parada 6 / (M) Santa Lucía,Santiago,-33.443136,-70.6459612
Santiago,estacion de metro,PA244-Parada 9 / (M) Santa Ana,Santiago,-33.438486,-70.6594408
Santiago,estacion de metro,PA82-Manuel Rodríguez / esq. Agustinas,Santiago,-33.44207,-70.65973
Santiago,estacion de metro,Estación Plaza de Armas,"P.º Puente 598-504, Santiago",-33.4370952,-70.6511867
Santiago,estacion de metro,PA87-Parada 7 / Estación Mapocho,Santiago,-33.433001,-70.6524007
Santiago,estacion de metro,Metro Irarrázaval L3,Ñuñoa,-33.4544493,-70.6278138
Santiago,estacion de metro,PA259-Parada 4 / (M) Bellas Artes,Santiago,-33.43654,-70.64259
Santiago,estacion de metro,PB162-Parada / Clínica Dávila,Recoleta,-33.4273991,-70.6462865
Santiago,estacion de metro,PB1969-Parada 3 / Gral. de La.Lastra - Independencia,Independencia,-33.42801,-70.654
Santiago,estacion de metro,PA78-Parada 8 / (M) Santa Ana,Santiago,-33.4391,-70.6602
Santiago,estacion de metro,PC201-Parada 3 / (M) Salvador,Providencia,-33.4334272,-70.6260597
Santiago,comisaria,2da. Comisaría Carabineros,"Toesca 2351, Santiago",-33.4546075,-70.6681412
Santiago,comisaria,South subpolice Recoleta,"Dávila Baeza 880, Recoleta",-33.4273107,-70.650905
Santiago,comisaria,Third Police Station Santiago,"Elías Fernández Albano 165, Santiago",-33.4418488,-70.6583946
Santiago,comisaria,1A. Comisaria Santiago.,"Santo Domingo 702, Santiago",-33.4359826,-70.64756539999999
Santiago,comisaria,prefectura fuerzas especiales,"San Isidro 330, Santiago",-33.4484318,-70.6430702
Santiago,comisaria,Carabineros de Chile / 32 Traffic Police,"Santo Domingo 1180, Santiago",-33.4365323,-70.6538662
Santiago,comisaria,Carabineros de Chile / 30th Police Radio Patrol,"Carrión 1795, Independencia",-33.4191378,-70.66120289999999
Santiago,comisaria,Tenencia de Carabineros Juan Antonio Ríos,"Sara Gajardo 952, Independencia",-33.4214596,-70.67091769999999
Santiago,comisaria,48° Comisaria,"Dieciocho 268, Santiago",-33.4500243,-70.657479
Santiago,comisaria,Primera Comisaría Santiago Central,"Santo Domingo 715, Santiago",-33.43598230000001,-70.6475621
Santiago,comisaria,Carabineros De Chile/3Ra Comisaria,"Elías Fernández Albano 165, Santiago",-33.4418995,-70.6583878
Santiago,comisaria,Carabineros de Chile/Subcomisaria de Tra Nsito Motorizada/Guardia,"Rivera 2003, Santiago",-33.4269435,-70.66177250000001
Santiago,comisaria,2ª Comisaría de Santiago,"Toesca 2345, Santiago",-33.45457409999999,-70.6679724
Santiago,comisaria,57 Comisaria Motorizada,"Bezanilla 1546, Independencia",-33.4178336,-70.6614009
Santiago,comisaria,Trigesimasegunda Comisaría Tránsito,"Santo Domingo 1180, Santiago",-33.4365323,-70.6538662
Santiago,comisaria,Subcomisaría Motorizada,"Carrión 1795, Independencia",-33.4195438,-70.6612856
Santiago,comisaria,police from Chile,"Escanilla 560, Independencia",-33.4256966,-70.65972289999999
Santiago,botilleria,Botilleria LA ESQUINA,"Juan Martínez de Rozas 3799, Quinta Normal",-33.4348616,-70.6871594
Santiago,botilleria,Botilleria the joker,"Tacna 3510, Estación Central",-33.457158,-70.68243869999999
Santiago,botilleria,Botillería La Victoria,"Herrera 1298, Santiago",-33.4303341,-70.67871079999999
Santiago,botilleria,Botillería Alameda,"Avda Liber Bernardo O`Higgins 3461, A, Av. Alameda Libertador Bernardo O'Higgins 3463, Estación Central",-33.4516237,-70.6822911
Santiago,botilleria,Botilleria Minimarket MIKE,"San Pablo 3599, Quinta Normal",-33.4362046,-70.6835541
Santiago,botilleria,Latinos Market - Botillería,"Maipú 44, Santiago",-33.44759519999999,-70.6762274
Santiago,botilleria,Botilleria FRANCHESCA SPA,"Arica 4040, Santiago, Estación Central",-33.4592618,-70.6898343
Santiago,botilleria,Botillería Elena,"Nicasio Retamales 011 SN, Santiago, Estación Central",-33.4532296,-70.6891144
Santiago,botilleria,Botillería La Biblioteca,"Plazuela El Limón, Santiago, Estación Central",-33.448061,-70.6848648
Santiago,botilleria,Botillería La Emergencia,"Esperanza 682, Santiago",-33.437384,-70.6761178
Santiago,botilleria,Botilleria Basty,"Esperanza 510, Santiago",-33.4398441,-70.6760726
Santiago,botilleria,Botilleria Anita,"Av. 5 de Abril 3907, Estación Central",-33.4573757,-70.68824350000001
Santiago,botilleria,Botillería Díaz,"Ruiz Tagle 30, Estación Central, Santiago",-33.4523994,-70.68813879999999
Santiago,botilleria,Botillería Donde lucas spa,"Catedral 2923, Santiago",-33.4398292,-70.67605
Santiago,botilleria,Botilleria Santa Maria,"Av. Manuel Antonio Matta 899, Santiago",-33.458685,-70.6461668
Santiago,botilleria,Botilleria Prestige,"Obispo Javier Vásquez 3856, Estación Central",-33.4548083,-70.68803989999999
Santiago,botilleria,Botilleria Curdas,"Patria Nueva 614, Quinta Normal",-33.4389143,-70.6912175
Santiago,botilleria,Botilleria La Mundialera,"Herrera 104, Santiago",-33.4447855,-70.6773436
Santiago,botilleria,Falcon botilleria,"Javiera Salas 4053, Santiago, Estación Central",-33.4604759,-70.6900158
Santiago,botilleria,Botilleria,"Av. Manuel Antonio Matta 873, Santiago",-33.4586294,-70.645955
Santiago,botilleria,Botillería AFAE,"Juan Castellón 3914, Quinta Normal",-33.4257333,-70.6875285
Santiago,estacion de metro,Tren Central,"Av. Alameda Libertador Bernardo O'Higgins 3170, Santiago, Estación Central",-33.4512427,-70.67860809999999
Santiago,estacion de metro,Universidad de Santiago,Estación Central,-33.45290000000001,-70.68615
Santiago,estacion de metro,Estación Central,"Santiago, Estación Central",-33.4513816,-70.67906289999999
Santiago,estacion de metro,Quinta Normal,Santiago,-33.44028,-70.68036
Santiago,estacion de metro,Gruta de Lourdes,Quinta Normal,-33.43826,-70.69084
Santiago,estacion de metro,Parque O'Higgins,Santiago,-33.4609788,-70.6568466
Santiago,estacion de metro,Quinta Normal metro station,"Av. Matucana 466, Santiago",-33.4405051,-70.68007260000002
Santiago,estacion de metro,metro estacion central,"Av. Alameda Libertador Bernardo O'Higgins 3172, Estación Central",-33.4511958,-70.6790608
Santiago,estacion de metro,Metro Tren Alameda,"Exposición 135, Estación Central",-33.4522572,-70.6788047
Santiago,estacion de metro,Terminal Alameda Santiago,"Av. Alameda Libertador Bernardo O'Higgins 3750, Santiago, Estación Central",-33.4532978,-70.6861127
Santiago,estacion de metro,Terminal de Buses San Borja,"San Francisco de Borja 184, Estación Central, Santiago",-33.4544762,-70.6798505
Santiago,estacion de metro,PJ343-Parada 1 / Matucana - Av. Mapocho,Quinta Normal,-33.4330281,-70.680746
Santiago,estacion de metro,Alameda,"Diag. Santiago, Estación Central",-33.451165,-70.678893
Santiago,estacion de metro,Estación Central Metro (San Borja Terminal),Estación Central,-33.45136170000001,-70.68084209999999
Santiago,estacion de metro,Estación Libertad/Yungay,"Catedral 2749, Santiago",-33.4395729,-70.6738891
Santiago,estacion de metro,PI403-Parada 8 / (M) Estación Central,Estación Central,-33.4512829,-70.680798
Santiago,estacion de metro,PA234-Parada 3 / (M) Parque O'Higgins,Santiago,-33.4609642,-70.6573703
Santiago,estacion de metro,PI169-Parada 5 / (M) Estación Central,Estación Central,-33.4517043,-70.6779565
Santiago,estacion de metro,PA465-Parada 5 / (M) Parque O'Higgins,Santiago,-33.4605024,-70.65561850000002
Santiago,estacion de metro,PI1813-Parada 7 / (M) Estación Central,Estación Central,-33.45103,-70.67871
Santiago,comisaria,2a Comisaría Santiago Central,"Av. Tupper 1941, Santiago",-33.4578909,-70.66202
Santiago,comisaria,Comisaria 21 Carabineros de Chile,"Av. Ecuador 4050, Estación Central",-33.4528031,-70.6921522
Santiago,comisaria,Comisaría,"Av. Alameda Libertador Bernardo O'Higgins 3798-3698, Estación Central",-33.4531787,-70.6866331
Santiago,botilleria,Botilleria Olimpia,"Francisco Pizarro 1685, Santiago",-33.4691949,-70.67032920000001
Santiago,botilleria,Botilleria La Brujita,"Victoria 696, Santiago",-33.4633081,-70.6424782
Santiago,botilleria,Botilleria Don Gato,"Pedro Lagos 1457, Santiago",-33.4665431,-70.65401670000001
Santiago,botilleria,"Botilleria ""El Cucho"" Amigo de Don Gato","San Ignacio de Loyola 1923, Santiago",-33.4718296,-70.6546635
Santiago,botilleria,Botilleria Guaro Colombiano,"Victoria 1372, Santiago",-33.4642174,-70.6523553
Santiago,botilleria,Botilleria el tio,"Curiñanca 957, San Miguel",-33.4892321,-70.6483107
Santiago,botilleria,Botilleria La Cueva Del Cuervo,"Enrique Matte 1765, Pedro Aguirre Cerda",-33.4838959,-70.6599142
Santiago,botilleria,Botillería Vinos y Licores Leal,"Maule 140, Santiago",-33.4653049,-70.6291382
Santiago,botilleria,Botilleria El Cucho,"Ñuble 1451, Santiago",-33.4702506,-70.6535456
Santiago,botilleria,Botilleria Calle Calle,"Av. Beauchef 1153, Santiago",-33.4616841,-70.6641156
Santiago,botilleria,Botilleria Roca 2,"Franklin 634, Santiago",-33.4729005,-70.64017369999999
Santiago,botilleria,Botilleria dember,"Victoria 558, Santiago",-33.4628166,-70.6394561
Santiago,botilleria,Botillería Pedro Lagos,"Pedro Lagos 1224, Santiago",-33.4663679,-70.6501361
Santiago,botilleria,Botillería Carmen,"Pintor Cicarelli 510, San Joaquín",-33.476807,-70.6349184
Santiago,botilleria,"Botilleria ""DON PATO""","Manuel Ortiz 3998, Pedro Aguirre Cerda",-33.4845338,-70.67493689999999
Santiago,botilleria,Botillería Las Encinas,"Sierra Bella 1590, Santiago",-33.4654887,-70.6346393
Santiago,botilleria,Botilleria Pepito,"Francisco Pizarro 1998, Santiago",-33.4730291,-70.67019719999999
Santiago,botilleria,Botillería Hermanos Basilio,"Maule 569, Santiago",-33.4662041,-70.6390512
Santiago,botilleria,Botilleria Alicia,"Club Hípico 2960, Pedro Aguirre Cerda",-33.4816409,-70.6646057
Santiago,botilleria,Botillería triple A,"San Francisco 1509, Santiago",-33.4658366,-70.6444964
Santiago,botilleria,BOTILLERIA LOS HERMANOS,"San Alfonso 1157, Santiago",-33.4634366,-70.6738246
Santiago,botilleria,Botillería Donde La Negra,"Victoria 1404, Santiago",-33.4643021,-70.6530024
Santiago,botilleria,Botillería Alex,"Bío Bío 510, Santiago",-33.4734357,-70.6358683
Santiago,botilleria,BOTILLERIA 77,"Lago Calafquén 2236, Pedro Aguirre Cerda",-33.4866338,-70.66490809999999
Santiago,botilleria,Botilleria Emea y Tío Petter,"Sierra Bella 2718 Sierra bella con, Juan Sebastián Bach, San Joaquín",-33.4805087,-70.630584
Santiago,botilleria,Botillería y minimarket los campos,"Maule 1026, Santiago",-33.46713210000001,-70.64739039999999
Santiago,botilleria,Botillería altouch,"Pedro Lagos 1343, Santiago",-33.46628860000001,-70.6513928
Santiago,botilleria,Negrita Minimarket Botilleria,Santiago,-33.4582268,-70.673784
Santiago,botilleria,"Botilleria ""Doña Rosa""","Av. Manuel Antonio Matta 1466, Santiago",-33.4604354,-70.6546822
Santiago,botilleria,Botilleria Valdovinos,"Av. Carlos Valdovinos 2226, Pedro Aguirre Cerda",-33.4788441,-70.6654351
Santiago,botilleria,BOTILLERIA Popular,Santiago,-33.472881,-70.6401441
Santiago,botilleria,Botilleria juanito,"Av. Sta. Rosa 2550, San Joaquín",-33.4781887,-70.6414483
Santiago,botilleria,Botilleria El Turco,"Club Hípico 2716, Pedro Aguirre Cerda",-33.47913370000001,-70.66460959999999
Santiago,botilleria,Botilleria El Africano San Ignacio,"San Ignacio de Loyola 2860, Santiago, San Miguel",-33.4799364,-70.6536261
Santiago,botilleria,Cristal Botillería Y Minimarket,"Eyzaguirre 786, Santiago",-33.4520321,-70.6462772
Santiago,botilleria,Botillería Francis,San Joaquín,-33.480544,-70.63059179999999
Santiago,botilleria,Almacén Botillería,"Sierra Bella 2309, San Joaquín",-33.474059,-70.6326575
Santiago,botilleria,Botilleria Placer,"Av. Sta. Rosa 2255, Santiago",-33.4745287,-70.6421727
Santiago,discoteca,Sala Portugal,"Portugal 1284, Santiago",-33.4591484,-70.6324522
Santiago,discoteca,Club M Santiago,"Av. Manuel Antonio Matta 533, Santiago",-33.4574413,-70.6401879
Santiago,discoteca,New Zero Discotheque,"Euclides 1204, Santiago, San Miguel",-33.4788358,-70.6495025
Santiago,discoteca,Club San Miguel,"Llano Subercaseaux 3597, San Miguel",-33.4872275,-70.65128179999999
Santiago,estacion de metro,Franklin,Santiago,-33.4763781,-70.6492337
Santiago,estacion de metro,San Miguel,San Miguel,-33.4888,-70.65118000000001
Santiago,estacion de metro,Bío Bío,"Av. Sta. Rosa, San Miguel",-33.4767954,-70.6423473
Santiago,estacion de metro,El Llano,San Miguel,-33.482703,-70.6492315
Santiago,estacion de metro,Presidente Pedro Aguirre Cerda,Pedro Aguirre Cerda,-33.478681,-70.664706
Santiago,estacion de metro,Matta,"Av. Sta. Isabel, Providencia, Santiago",-33.4579416,-70.6431218
Santiago,estacion de metro,Rondizzoni,Santiago,-33.47004,-70.65633
Santiago,estacion de metro,Estacion metro san miguel,"Llano Subercaseaux, San Miguel",-33.4888382,-70.6512503
Santiago,estacion de metro,Linea 6 Completa,"Centenario, Santiago",-33.4764431,-70.6421854
Santiago,comisaria,Carabineros de Chile / 4 Commissioner,"Chiloé 1481, Santiago",-33.4653652,-70.645827
Santiago,comisaria,50 Comisaria San joaquin,"Av. Carlos Valdovinos 282, San Joaquín",-33.4846283,-70.6297262
Santiago,comisaria,12ª Comisaría de San Miguel,"Gran Av. José Miguel Carrera 3840, San Miguel",-33.4896031,-70.65085069999999
Santiago,comisaria,Labocar Carabineros,"Sta. Elena 1634, Santiago",-33.465487,-70.6283287
Santiago,comisaria,Cuarta Comisaría Santiago.,"Chiloé 1472, Santiago",-33.46518210000001,-70.6455512
Santiago,comisaria,12° comisaria de carabineros,San Miguel,-33.4897292,-70.6508949
Santiago,comisaria,Carabineros de Chile,"Av. Carlos Valdovinos 282, San Joaquín, Santiago",-33.4847315,-70.6296675
Santiago,comisaria,Seguridad de San Joaquin,"Rivas 694, San Joaquín",-33.47917470000001,-70.6410409
Santiago,comisaria,Carabineros De Chile Tenencia Carlos Valdovinos,"Belén 3435, Pedro Aguirre Cerda",-33.4807239,-70.67437129999999
Santiago,comisaria,Agrupacion de Montepiadas de Carabineros de Chile,"Lira 918, Santiago",-33.4548783,-70.6373651
Santiago,comisaria,Hospital Emergency Public Assistance,"Curicó 345, Santiago",-33.4444118,-70.637799
Santiago,comisaria,Carabineros de Chile,"Santo Domingo 1188, Santiago",-33.4364922,-70.6539588
Santiago,comisaria,Cuerpo de Generales de Carabineros,"Gral. Bulnes 80, Of 86, Santiago",-33.444913,-70.6696259
Santiago,comisaria,Local Police Courts Municipality of Santiago,"Amunátegui 980, Santiago",-33.4329789,-70.6578121
Santiago,botilleria,Botilleria el bigote spa,"8320000, Quinta Normal",-33.4398767,-70.70023789999999
Santiago,botilleria,Botilleria El Alemán,"Av. José Joaquín Pérez 4253, Santiago, Quinta Normal",-33.4318275,-70.6932504
Santiago,botilleria,Botilleria Los Tashiros,"Av. Carrascal 4820, Quinta Normal",-33.4216251,-70.6993561
Santiago,botilleria,Botilleria Maipo,"San Pablo 4241, Quinta Normal",-33.4381254,-70.69266150000001
Santiago,botilleria,Botillería Temuco II,"Sta. Fe 1896, Quinta Normal",-33.4260477,-70.6971752
Santiago,botilleria,Botilleria la sed,"Santiago de Uriona 1695, Quinta Normal",-33.4281629,-70.70064219999999
Santiago,botilleria,Botilleria Shaska,"Av. José Joaquín Pérez 4306, Santiago, Quinta Normal",-33.43181879999999,-70.6936089
Santiago,botilleria,Botillería entre tragos,"San Gumercindo 98, local 2, Estación Central",-33.4512025,-70.6953103
Santiago,botilleria,Botillería La vie est belle,"Embajador Quintana 4406, local 4, Estación Central",-33.4511783,-70.6952884
Santiago,botilleria,BOTILLERIA MR BEER,"Bismarck 1208, Quinta Normal",-33.4368997,-70.6950608
Santiago,botilleria,Botilleria Gemita,"Av. José Joaquín Pérez 4601, Quinta Normal",-33.4317264,-70.6993131
Santiago,botilleria,Botilleria Don Beto,Estación Central,-33.4550363,-70.696227
Santiago,botilleria,BOTILLERIA LA FAMILIA,"Huérfanos 2736, Santiago",-33.4421364,-70.6734302
Santiago,botilleria,Botilleria Drinks To Go,"Av. Carrascal 4302, Quinta Normal",-33.4233069,-70.692126
Santiago,botilleria,Botilleria La cumbia Rock and Roll,"Santo Domingo 2756, Santiago",-33.4380895,-70.673951
Santiago,botilleria,Botillería Yireh,"Porto Seguro 4527, Santiago, Quinta Normal",-33.4475537,-70.69665789999999
Santiago,estacion de metro,San Alberto Hurtado,Estación Central,-33.454143,-70.69229260000002
Santiago,estacion de metro,Ecuador,"Diag. Santiago, Estación Central",-33.45605,-70.69967
Santiago,estacion de metro,PI841-Parada 9 / (M) San Alberto Hurtado,Estación Central,-33.4536556,-70.6924478
Santiago,comisaria,22 Comisaría de Quinta Normal,"Santo Domingo 4390, Quinta Normal",-33.4398355,-70.6940374
Santiago,comisaria,Vigésimo Primera Comisaría Estación Central,Estación Central,-33.4515029,-70.69229539999999
Ñuñoa,botilleria,Minimarket-Botilleria,"Av. Pedro de Valdivia 2459, Providencia",-33.4453274,-70.6064487
Ñuñoa,botilleria,Botillería Recabarren,"Av. Ricardo Lyon 3570, Ñuñoa",-33.4540001,-70.6020164
Ñuñoa,botilleria,Botillería Licoreria Nacional,"Av. Francisco Bilbao 2383, Providencia",-33.4371485,-70.60113129999999
Ñuñoa,botilleria,Minimarket y Botilleria Arturo,"Av. Francisco Bilbao 2946, Providencia",-33.434897,-70.5887632
Ñuñoa,botilleria,La Botillería,"Av. Francisco Bilbao 2715, Providencia, Santiago",-33.4361707,-70.5950007
Ñuñoa,botilleria,Botillería Echenique,"Av. Echeñique 5810, La Reina",-33.4452635,-70.5714249
Ñuñoa,botilleria,Botilleria Delivery Ñuñoa TOO EL RATO,"Av. Irarrázaval 1994, Ñuñoa",-33.4534305,-70.6102901
Ñuñoa,botilleria,Botilleria Entre Dos Rios,"Diag. Ote. 1990, Providencia",-33.4452799,-70.6065492
Ñuñoa,botilleria,Botillería Tío Miguel,"Hamburgo 675, Ñuñoa",-33.4479883,-70.57669
Ñuñoa,botilleria,Botilleria,"Av. Irarrázaval, Ñuñoa",-33.4549705,-70.5945299
Ñuñoa,botilleria,Botillería lorena,"El Lago 5903, Santiago, Peñalolén",-33.4723594,-70.57441159999999
Ñuñoa,botilleria,Botilleria Unicornio Azul,"Juan Moya Morales 784, Ñuñoa",-33.4625521,-70.5873443
Ñuñoa,botilleria,Botilleria y almacen Too el Rato,"Av. Irarrázaval 4562, Ñuñoa",-33.4545933,-70.5823134
Ñuñoa,botilleria,Botilleria Humberstone,"Av. Ossa 1502, Ñuñoa",-33.4397265,-70.57333969999999
Ñuñoa,botilleria,Botillería Me Lancé,"Manuel Montt 2786, Ñuñoa",-33.4530611,-70.612313
Ñuñoa,botilleria,Botillería y Mini market San Miguel,"Av. Grecia 4851, Ñuñoa",-33.4678876,-70.58100739999999
Ñuñoa,botilleria,Botillería M&O,"Alcalde Jorge Monckeberg 1884, Ñuñoa",-33.4721028,-70.5868873
Ñuñoa,botilleria,Botillería Ralun,"Dublé Almeyda 3234, Local B, Ñuñoa",-33.4565079,-70.5974238
Ñuñoa,botilleria,Makita Botilleria,"Av. Pedro de Valdivia 5134, Ñuñoa",-33.4704694,-70.6063939
Ñuñoa,botilleria,Botilleria Tag,"Av. Irarrázaval 1634, Ñuñoa",-33.4527985,-70.61363589999999
Ñuñoa,botilleria,Botilleria Moncho,"El Lago 6002, Peñalolén",-33.4724327,-70.5733406
Ñuñoa,botilleria,Botillería Entre Playas,"Ramón Cruz Montt, Ñuñoa",-33.4685758,-70.582004
Ñuñoa,botilleria,Botilleria Rock & Roll,"Av. Pedro de Valdivia 2885, Ñuñoa",-33.44896689999999,-70.6058096
Ñuñoa,botilleria,Botilleria Jr Liquorstore,"Av. Rodrigo de Araya 3512, Ñuñoa",-33.4732043,-70.5953122
Ñuñoa,botilleria,Botilleria Geni Minimarket,"Los Tres Antonios 912, Ñuñoa",-33.4625429,-70.6036209
Ñuñoa,discoteca,Caleido,"Av. Irarrázaval 1333, Ñuñoa",-33.4531336,-70.61683889999999
Ñuñoa,discoteca,La Batuta,"Jorge Washington 52, Ñuñoa",-33.4546233,-70.5943633
Ñuñoa,estacion de metro,Inés de Suárez,Providencia,-33.438878,-70.60720100000002
Ñuñoa,estacion de metro,Estadio Nacional,Ñuñoa,-33.462282,-70.606113
Ñuñoa,estacion de metro,Ñuñoa,Ñuñoa,-33.4544707,-70.605443
Ñuñoa,estacion de metro,Grecia,Peñalolén,-33.468819,-70.576202
Ñuñoa,estacion de metro,Villa Frei,Ñuñoa,-33.454618,-70.580987
Ñuñoa,estacion de metro,Los Orientales,Ñuñoa,-33.4621758,-70.5741443
Ñuñoa,estacion de metro,Simón Bolívar,"La Reina, Ñuñoa",-33.4459896,-70.5719537
Ñuñoa,estacion de metro,Príncipe de Gales,La Reina,-33.43916,-70.57309
Ñuñoa,estacion de metro,Chile España,Ñuñoa,-33.45495,-70.59747999999999
Ñuñoa,estacion de metro,Monseñor Eyzaguirre,Ñuñoa,-33.453164,-70.613835
Ñuñoa,estacion de metro,Plaza Egaña,La Reina,-33.45328,-70.57073
Ñuñoa,estacion de metro,Simón Bolívar metro station,"Av. Ossa 750-768, Ñuñoa",-33.4463745,-70.57205569999999
Ñuñoa,estacion de metro,PD49-Parada 4 / (M) Ñuñoa,Ñuñoa,-33.45458,-70.60489
Ñuñoa,estacion de metro,Metro Principe de Gales,Ñuñoa,-33.4390894,-70.5733556
Ñuñoa,estacion de metro,Metro Simon Bolivar,"Av. Echeñique 5806, La Reina",-33.445643,-70.5717174
Ñuñoa,estacion de metro,Metro Estadio Nacional.,"Av. Grecia 2266, Santiago, Ñuñoa",-33.462141,-70.606995
Ñuñoa,estacion de metro,Estación del Metro Inés de Suarez,Providencia,-33.4383952,-70.6068203
Ñuñoa,estacion de metro,Metro Chile España,"Av. José Pedro Alessandri 30, Santiago, Ñuñoa",-33.4551727,-70.5972667
Ñuñoa,estacion de metro,Metro Inés de Suárez,"Av. Francisco Bilbao 1989-1999, Providencia",-33.4385061,-70.60672319999999
Ñuñoa,estacion de metro,PD350-Parada 5 / (M) Ñuñoa,Ñuñoa,-33.45565759999999,-70.6055111
Ñuñoa,comisaria,33° Comisaría de Ñuñoa,"Guillermo Mann 2100, Ñuñoa",-33.4707895,-70.61393699999999
Ñuñoa,comisaria,18th Police Station Ñuñoa,"Lic. de Las Peñas 5147, Santiago, Ñuñoa",-33.4534038,-70.57566469999999
Ñuñoa,comisaria,Subcomisaría Providencia Sur,"Av. Los Leones 1871, Providencia",-33.4363567,-70.6011805
Ñuñoa,comisaria,Carabineros de Chile,"Guillermo Mann 2100, Ñuñoa",-33.4708463,-70.6138223
Ñuñoa,comisaria,Carabineros de Chile,"Av. Campos de Deportes 680, Ñuñoa, Santiago",-33.4600297,-70.6095706
Ñuñoa,comisaria,Carabineros de Chile Dirección de Bienestar,"García Moreno 2445, Ñuñoa, Santiago",-33.4351618,-70.58194139999999
Ñuñoa,comisaria,Carabineros De Chile,"Antonio Varas 1842, Santiago, Providencia",-33.444462,-70.6119267
Ñuñoa,comisaria,Os,"Exequiel Fernández 1168, Ñuñoa",-33.4655942,-70.6001272
Ñuñoa,comisaria,2º Juzgado de Policía Local de Ñuñoa,"Av. Irarrázaval 2434, Ñuñoa",-33.4538981,-70.6057072
Ñuñoa,comisaria,Brigada de Investigacion Criminal Nunoa,"Av. Campos de Deportes 565, Ñuñoa",-33.4591473,-70.6100603
Ñuñoa,comisaria,Carabineros de Chile/Jefatura de Zona Me Tropolitana/Prefectura de Santiago Orien Te/Prefecto,"Lic. de Las Peñas 5147, Ñuñoa, Santiago",-33.453309,-70.57574579999999
Ñuñoa,comisaria,Zona Carabineros Santiago Este,"de manada de Carabineros de Chile - Gral. Director, José Alejandro Bernales Ramírez 5147, Ñuñoa",-33.4549175,-70.5982915
Ñuñoa,botilleria,Botilleria El Viejo Almacén,"Av. Salvador 2602, Ñuñoa",-33.4569607,-70.62068409999999
Ñuñoa,botilleria,Botillería Salvador,"Av. Grecia 1007, Ñuñoa",-33.4608206,-70.621808
Ñuñoa,botilleria,Botillería Liquidos Pedro de valdivia,"Av. Pedro de Valdivia 931, Providencia",-33.4317651,-70.6095799
Ñuñoa,botilleria,Botilleria Madero (Ñuñoa),"Av. Grecia 1008, Ñuñoa",-33.4605343,-70.62131959999999
Ñuñoa,botilleria,Top Drinks botilleria,"Av. Irarrázaval 1007, Ñuñoa",-33.4535963,-70.62044159999999
Ñuñoa,botilleria,Botillería Ancona,"Av. Pedro de Valdivia 939, Providencia",-33.4318196,-70.6094899
Ñuñoa,estacion de metro,Talleres San Eugenio Linea 5 Metro de Santiago,"1045, San Eugenio 875, Ñuñoa",-33.4616386,-70.62599829999999
Ñuñoa,estacion de metro,Ñuble,Ñuñoa,-33.46719,-70.62519
Ñuñoa,estacion de metro,Irarrázaval,Ñuñoa,-33.45294,-70.62884
Ñuñoa,estacion de metro,PA174-Parada 1 / (M) Santa Isabel,"Providencia, Santiago",-33.4482089,-70.63203829999999
Ñuñoa,comisaria,19° Comisaría de Providencia,"Miguel Claro 300, Providencia",-33.4322141,-70.6200108
Ñuñoa,comisaria,35 COMISARIA DELITOS SEXUALES,"Av. Italia 1100, Santiago, Providencia",-33.4447924,-70.6253996
Ñuñoa,botilleria,BOTILLERIA LOS MOSQUETEROS LA REINA,"Loreley 825, La Reina",-33.4449895,-70.5644007
Ñuñoa,botilleria,Botilleria Roca,"Av. Coronel Alejandro Sepúlveda 1936, Peñalolén",-33.4720747,-70.5680817
Ñuñoa,botilleria,Botilleria El Tome,"Uno, Peñalolén",-33.4649963,-70.5642386
Ñuñoa,botilleria,Botilleria Kicho,"Ictinos 1410, Peñalolén",-33.4694454,-70.56171189999999
Ñuñoa,botilleria,Botilleria Jose Arrieta,"Av. José Arrieta 7058, La Reina",-33.4623519,-70.5559668
Ñuñoa,botilleria,BOTILLERIA VINOS LICORES MINIMARKET PETIT MARKET,"Alcalde Rutilio Rivas 7161, La Reina",-33.4346309,-70.5572779
Ñuñoa,botilleria,Botillería ¨Ivan 2¨,"Av. Grecia 6531, Peñalolén",-33.4713707,-70.5666603
Ñuñoa,botilleria,Botilleria Las Margaritas,"Jacinto Chacón 658, La Reina",-33.460969,-70.5535795
Ñuñoa,botilleria,Botilleria Fenix La Reina,"Lynch Nte. 190, La Reina",-33.4510969,-70.5656714
Ñuñoa,estacion de metro,Fernando Castillo Velasco,La Reina,-33.45232,-70.55818
Ñuñoa,estacion de metro,PD178-Parada 1 / (M) Plaza Egaña,La Reina,-33.4529313,-70.5705699
Ñuñoa,estacion de metro,Estación Plaza Egaña,"Av. Larrain, La Reina, Ñuñoa",-33.4527295,-70.5713603
Ñuñoa,estacion de metro,PD413-Parada 4 / (M) Fernando Castillo Velasco,La Reina,-33.4522913,-70.55905539999999
Ñuñoa,estacion de metro,PD1260-Av.Príncipe de Gales / esq. Monseñor Edwards,La Reina,-33.4386316,-70.5610915
Ñuñoa,estacion de metro,"Metro Fernando Castillo Velasco, Línea 3","Av. Alcalde Fernando Castillo Velasco 6741, La Reina",-33.4522837,-70.5579431
Ñuñoa,estacion de metro,PD187-Parada 6 / (M) Plaza Egaña,Ñuñoa,-33.4529298,-70.5709734
Ñuñoa,estacion de metro,Metro Plaza Egaña,"Pl. Egaña, Ñuñoa",-33.4537687,-70.5714757
Ñuñoa,estacion de metro,PD313-Parada 2 / (M) Villa Frei,Ñuñoa,-33.4545133,-70.5809731
Ñuñoa,estacion de metro,PD186-Parada 1 / (M) Simón Bolívar,Ñuñoa,-33.4457578,-70.5721543
Ñuñoa,estacion de metro,Grecia metro station,"Av. Grecia 04811, Ñuñoa",-33.4677079,-70.5815119
Ñuñoa,estacion de metro,PD177-Parada 2 / (M) Los.Orientales,Peñalolén,-33.463013,-70.573616
Ñuñoa,estacion de metro,PD185-Parada 1 / (M) Príncipe de Gales,Ñuñoa,-33.4390186,-70.5733408
Ñuñoa,estacion de metro,PD188-Parada 1 / (M) Los.Orientales,Ñuñoa,-33.4621434,-70.5739177
Ñuñoa,estacion de metro,PD872-Parada 2 / (M) Grecia,Peñalolén,-33.46926,-70.5754
Ñuñoa,estacion de metro,PD553-Parada 4 / (M) Grecia,Ñuñoa,-33.469116,-70.57636269999999
Ñuñoa,estacion de metro,Villa Frei metro station,"Av. Irarrázaval, Ñuñoa",-33.4548127,-70.5801523
Ñuñoa,estacion de metro,PD342-Parada 1 / (M) Villa Frei,Ñuñoa,-33.4546934,-70.5809237
Ñuñoa,estacion de metro,PD451-Parada 5 / (M) Plaza Egaña,Ñuñoa,-33.4534064,-70.5714327
Ñuñoa,estacion de metro,PD189-Parada 1 / (M) Grecia,Ñuñoa,-33.4685863,-70.5763886
Ñuñoa,estacion de metro,PD410-Parada 3 / (M) Plaza Egaña,Ñuñoa,-33.45363740000001,-70.5711443
Ñuñoa,estacion de metro,Estación Metro Plaza Egaña (L4 - L3),"Av. Américo Vespucio 3, Ñuñoa, La Reina",-33.4534851,-70.5707055
Ñuñoa,estacion de metro,Estación Metro Francisco Bilbao METRO LINEA 4,"Av. Francisco Bilbao, Av. Tobalaba &, Providencia",-33.4318391,-70.5846522
Ñuñoa,estacion de metro,PD535-Parada 5 / (M) Grecia,Ñuñoa,-33.4692346,-70.5763949
Ñuñoa,estacion de metro,PD851-Parada 6 / (M) Grecia,Macul,-33.4702469,-70.5777099
Ñuñoa,estacion de metro,Metro Fernando Castillo Velasco,"Loreley 11-59, La Reina",-33.4517753,-70.5575436
Ñuñoa,comisaria,Juzgado Policia Local Peñalolen,"Av. los Orientales 6958, Peñalolén",-33.4671261,-70.55909559999999
Ñuñoa,botilleria,Botilleria Don Emilio,"Manuel Sánchez 3495, Macul",-33.475135,-70.595327
Ñuñoa,botilleria,Botillería el Cocodrilo,"Castillo Urizar 2277, Macul",-33.4760448,-70.6100369
Ñuñoa,botilleria,Botillería El Despegue,"Av. Rodrigo de Araya 3512, Santiago, Macul",-33.4734353,-70.59516060000001
Ñuñoa,botilleria,Botilleria Tío Willy,"Av. Pedro de Valdivia 5415, Ñuñoa, Macul",-33.4735266,-70.6065283
Ñuñoa,botilleria,Botilleria Lancelot,"Ramón Cruz Montt 2391, Macul",-33.4775111,-70.5827398
Ñuñoa,botilleria,Botilleria mencheda,"Via 11 1154, Ñuñoa",-33.4692192,-70.61917609999999
Ñuñoa,botilleria,Botillería Bad•Botty,"Álvarez Condarco 947, Providencia",-33.4445344,-70.6190657
Ñuñoa,botilleria,Botilleria Mi Whisky,Ñuñoa,-33.4741524,-70.6100124
Ñuñoa,botilleria,Botilleria Milchea,"Vía Trece 1084, Ñuñoa",-33.4693563,-70.61915619999999
Ñuñoa,botilleria,BOTILLERIA MILLENNIU,"Los Espinos 3890, Macul, Santiago",-33.4769389,-70.59160860000001
Ñuñoa,botilleria,Botillería Salfi,"Fernando Massiff de La Fuente, Macul",-33.4731238,-70.5804398
Ñuñoa,botilleria,Botilleria,"Haydn 2994, San Joaquín",-33.4794978,-70.625548
Ñuñoa,botilleria,Botilleria,"Av. Pedro de Valdivia 2861, Ñuñoa",-33.4489453,-70.6058139
Ñuñoa,estacion de metro,Rodrigo de Araya,Macul,-33.477516,-70.622314
Ñuñoa,comisaria,Carabineros de Chile,"Av. Rodrigo de Araya 2601, Macul, Santiago",-33.4740475,-70.6053295
Ñuñoa,botilleria,Botilleria Badbotty 2.0,"Av. Macul 4086, Macul",-33.4915077,-70.5994826
Ñuñoa,botilleria,Romano Botillería,"Av. Macul 3933, Macul",-33.4899455,-70.5998669
Ñuñoa,botilleria,Botilleria Claudio's,"Pje. Madreselvas 5012, Macul",-33.4863852,-70.58080939999999
Ñuñoa,botilleria,Botilleria la previa,"El Pinar 122, ex 132, San Joaquín",-33.4919161,-70.6202674
Ñuñoa,botilleria,Botilleria Yeyos,"Vía Láctea 3983, Macul",-33.4913271,-70.6046149
Ñuñoa,botilleria,Botilleria El Padrino,"Poeta, Poeta Vicente Huidobro 3867, Macul",-33.488497,-70.5957201
Ñuñoa,botilleria,Botilleria Botichelas,"Vía Láctea 3983, Macul",-33.4913271,-70.6046149
Ñuñoa,botilleria,Botillería Lalocura,"Vía Láctea 3932, Macul",-33.4906179,-70.60432759999999
Ñuñoa,botilleria,Botilleria martita,"Pje. Jorge Bizet 3428, San Joaquín",-33.4884367,-70.6213951
Ñuñoa,estacion de metro,Los Presidentes,"Peñalolén, Macul",-33.4798,-70.57871
Ñuñoa,estacion de metro,Quilín,"Peñalolén, Macul",-33.4883713,-70.5804364
Ñuñoa,estacion de metro,Carlos Valdovinos,San Joaquín,-33.4864172,-70.61917559999999
Ñuñoa,estacion de metro,Camino Agrícola,"Macul, San Joaquín",-33.4917505,-70.61753089999999
Ñuñoa,estacion de metro,PD318-Parada 5 / (M) Chile España,Ñuñoa,-33.45468,-70.59906
Ñuñoa,comisaria,46° Comisaría de Macul,"Joaquín Rodríguez 7141, Macul",-33.48992190000001,-70.6079772
Maipú,botilleria,Botilleria Donde Freddy,"Del Rey 1581, Maipú",-33.5154657,-70.7707849
Maipú,botilleria,Botillería Congelados P&P,"Av. Sur 1296, local 3, Maipú",-33.5216603,-70.7748307
Maipú,botilleria,Botillería El Chascon,"701, Nueva San Martín 691, Maipú",-33.5250801,-70.7655283
Maipú,botilleria,Botilleria Oasis,"El Olimpo 643, Santiago, Maipú",-33.5225732,-70.7753144
Maipú,botilleria,Carnes Botillería Macarena,"Alaska 1376, Maipú",-33.4906068,-70.7405163
Maipú,botilleria,botilleria P&S,"El Olimpo 1802, Maipú",-33.5140454,-70.7756168
Maipú,botilleria,Botilleria El Carrete,"Av. Sur 1231, Maipú",-33.5213654,-70.774732
Maipú,botilleria,Olympia Botilleria,"Virgo 1862, Cerrillos",-33.4979356,-70.7332754
Maipú,botilleria,Botillería Sir Robert,"Jose Manuel Borgoño 1120, Maipú",-33.5119342,-70.7730917
Maipú,botilleria,Botilleria El compadrito,"Nueva San Martín 1330, Maipú",-33.5246636,-70.7757334
Maipú,botilleria,BOTILLERIA MACARENA,"Raúl Mazzone 3287, Maipú",-33.4963754,-70.7538984
Maipú,botilleria,Botillería Bazar,"Av. Lumen 2921, Maipú, Santiago",-33.5046492,-70.7387802
Maipú,botilleria,Botilleria Bazar Confites Tranporte de Carga,"Gral José San Martín 3392, Maipú",-33.4961463,-70.76449110000001
Maipú,botilleria,BOTILLERIA La Naranja,"Av. Los Pajaritos 3226, Maipú, Santiago",-33.4979628,-70.7576296
Maipú,botilleria,Botilleria el borgoño,"Jose Manuel Borgoño 1212, Maipú",-33.5120023,-70.7743508
Maipú,botilleria,Botilleria la barrica ll,"Libertador Gral. Bernardo O'Higgins 360, Maipú",-33.5014667,-70.76170809999999
Maipú,botilleria,BOTILLERÍA LA PASARELA,"Maipú, Maipu",-33.5034287,-70.7461162
Maipú,botilleria,BOTILLERIA DIGA 33,"Los Diamantes 467, Maipú",-33.5284631,-70.7668997
Maipú,botilleria,Botilleria don luca,"Región Metropolitana CL, Orompello 2302, Santiago, Maipú",-33.5048757,-70.77212089999999
Maipú,botilleria,Botilleria San Pedro 5,"Uno Sur 698, 630, Maipú",-33.5061659,-70.7496079
Maipú,botilleria,Botillería la 707,"Av. Portales 707, Maipú",-33.5176229,-70.7661451
Maipú,botilleria,BOTILLERÍA LA 14,"Av. Portales 591, Maipú",-33.517539,-70.76440629999999
Maipú,botilleria,BOTILLERIA LA TIA NENA,"Maipú, Maipu",-33.5099398,-70.7752781
Maipú,botilleria,BOTILLERÍA CERDEÑA II,"Av. Sur 1231, Maipú",-33.5213685,-70.7747502
Maipú,botilleria,Botilleria Donde Santi,"Pdte. German Riesco 3005, Maipú",-33.5003396,-70.749893
Maipú,botilleria,Botillería Curicó,"Libertad 620, Maipú",-33.5056258,-70.76439909999999
Maipú,botilleria,Botilleria jj ojarzun,"9250000, Maipú",-33.5242987,-70.77961839999999
Maipú,botilleria,BOTILLERIA SEPTIMO VICK,"El Olimpo 1780, Santiago, Maipú",-33.5144872,-70.7756465
Maipú,botilleria,Botilleria | I love liquor Maipú,"La Fortuna 737, Maipú",-33.5217675,-70.7657577
Maipú,botilleria,Botilleria La Barrica,"Gral José San Martín 3394, Maipú",-33.4962302,-70.7644447
Maipú,botilleria,BOTILLERIA SAN PEDRO,"Sta. Elena 320, Santiago, Maipú",-33.5251387,-70.7632036
Maipú,discoteca,La Isla Club Restobar,"Av. Los Pajaritos 3240, Maipú",-33.49785749999999,-70.7576313
Maipú,discoteca,Costanera Lounge,"Av. Los Pajaritos 979, Maipú",-33.5181325,-70.75708569999999
Maipú,discoteca,EDIFICIO MAIPU,"Av. Los Pajaritos 2680, Maipú",-33.5027201,-70.7579956
Maipú,estacion de metro,Santiago Bueras,"Maipú, Maipu",-33.4968828,-70.757054
Maipú,estacion de metro,Plaza de Maipú,"Maipú, Maipu",-33.51052,-70.75722999999999
Maipú,estacion de metro,Del Sol,"Maipú, Maipu",-33.48999,-70.75285
Maipú,estacion de metro,PI228-Parada 5 / (M) Plaza de Maipú,"Maipú, Maipu",-33.5105284,-70.7550871
Maipú,estacion de metro,Estación de metro maipu,"Estación de metro, Maipú",-33.5104528,-70.7563174
Maipú,estacion de metro,PI148-Parada 3 / (M) Plaza de Maipú,"Maipú, Maipu",-33.5105177,-70.7565994
Maipú,estacion de metro,PI657-Parada 6 / (M) Plaza de Maipú,"Maipú, Maipu",-33.5105943,-70.75475899999999
Maipú,estacion de metro,PI151-Camino a Rinconada / esq. Av. de La Victoria,"Maipú, Maipu",-33.509074,-70.76918359999999
Maipú,estacion de metro,estaciones de metro,"Av. de la Victoria 2845, Maipú",-33.5013914,-70.7684831
Maipú,estacion de metro,PI1463-Parada 4 / (M) Santiago Bueras,"Maipú, Maipu",-33.4969503,-70.7573499
Maipú,estacion de metro,PI500-Avenida Argentina / esq. Av. Los Pajaritos,"Maipú, Maipu",-33.4986347,-70.757807
Maipú,estacion de metro,PI218-Parada 1 / (M) Santiago Bueras,"Maipú, Maipu",-33.4956277,-70.757644
Maipú,estacion de metro,Parada 4 / Hospital Maipú,"Maipú, Maipu",-33.5092763,-70.7734171
Maipú,estacion de metro,PI1336-Avenida Los Pajaritos / esq. Av. Nva. San Martín,"Maipú, Maipu",-33.5249012,-70.7573704
Maipú,estacion de metro,PI499-Avenida Argentina / esq. Manuel Rodríguez,"Maipú, Maipu",-33.4986707,-70.7604782
Maipú,estacion de metro,PI96-Avenida El Olimpo / esq. Nueva San Martín,"Maipú, Maipu",-33.524763,-70.7752538
Maipú,estacion de metro,Del Sol metro station,"Av. Los Pajaritos 3786, Maipú",-33.490116,-70.753063
Maipú,estacion de metro,Parada 3 - Hospital Maipú,"Maipú, Maipu",-33.509014,-70.7745905
Maipú,estacion de metro,PI466-Avenida Portales / esq. Padre Hurtado,"Maipú, Maipu",-33.5178861,-70.7690788
Maipú,estacion de metro,PI149-Parada 2 / Templo Votivo,"Maipú, Maipu",-33.5106158,-70.7622531
Maipú,estacion de metro,PI234-Parada 2 / (M) Santiago Bueras,"Maipú, Maipu",-33.4954733,-70.75721349999999
Maipú,estacion de metro,PI221-Avenida Los Pajaritos / esq. Maipú,"Maipú, Maipu",-33.5065455,-70.7574739
Maipú,estacion de metro,PI505-Av. de La Victoria / esq. Kenia,"Maipú, Maipu",-33.4990653,-70.76884760000002
Maipú,estacion de metro,PI233-Avenida Los Pajaritos / esq. Alhué,"Maipú, Maipu",-33.4986571,-70.75731019999999
Maipú,estacion de metro,PI465-Avenida Portales / esq. Del Rey,"Maipú, Maipu",-33.5179567,-70.7711398
Maipú,estacion de metro,Maipú Square,"Av. 5 de Abril 313, Maipú",-33.5095529,-70.75623829999999
Maipú,estacion de metro,PI492-Avenida El Olimpo / esq. Lib. B. O'Higgins,"Maipú, Maipu",-33.5028635,-70.7755955
Maipú,estacion de metro,PI153-Parada / Colegio Polivalente Patricio Mekis,"Maipú, Maipu",-33.51005,-70.77558830000001
Maipú,estacion de metro,Espacio Urbano Plaza Maipú,"Av. Los Pajaritos 1790, Maipú",-33.5112381,-70.7577132
Maipú,estacion de metro,Estación Américo Vespucio,Cerrillos,-33.5011836,-70.7356956
Maipú,estacion de metro,Jumbo,"Av. Los Pajaritos 3302, Maipú",-33.4969848,-70.7581488
Maipú,estacion de metro,Square Canyons,"La Liturgia 3661, Maipú",-33.4944858,-70.73953279999999
Maipú,estacion de metro,Parque Tres Poniente,"168,, Av. 3 Pte. 100, Maipú",-33.5211616,-70.7785767
Maipú,estacion de metro,Piwén Estación Metro Plaza de Maipú,"Estación Plaza de Maipú L5 Metro Santiago, Maipú",-33.509974,-70.75693679999999
Maipú,estacion de metro,terminal del sur,"Av. Los Pajaritos 3251, Maipú",-33.49771339999999,-70.75723789999999
Maipú,estacion de metro,Pumay,"Av. 5 de Abril 33, Piso 2, Maipú",-33.5103321,-70.7584469
Maipú,estacion de metro,Parque Tres Poniente,"Av. 3 Pte., Maipú",-33.5046285,-70.77896539999999
Maipú,estacion de metro,Hites maipú,"Av. 5 de Abril 33, Maipú",-33.5103803,-70.7582438
Maipú,comisaria,25VA. Carabineros police station,"Bailén 2185, Maipú",-33.5070995,-70.7548066
Maipú,comisaria,29° Comisaría La Farfana,"Isabel Riquelme 1253, Santiago, Maipú",-33.495555,-70.7802011
Maipú,comisaria,Primer y Segundo Juzgados de Policía Local de Maipú,"Primera Transversal 1970, Maipú",-33.508946,-70.75361509999999
Maipú,comisaria,Castillo Lopez Bernarda,"Nva San Martin 1264, Maipú",-33.5094244,-70.76481660000002
Maipú,comisaria,Tercer Juzgado de Policía Local de Maipú,"Gral. Ordóñez 176, Maipú",-33.5079617,-70.7595469
Maipú,botilleria,Botillería la Morena,"Longitudinal 5019, Maipú",-33.475097,-70.7487239
Maipú,botilleria,Botilleria El Didi,"Av. 18 de Septiembre 7527, Cerrillos",-33.4854491,-70.72885029999999
Maipú,botilleria,"Botilleria ""S'tragos""","Av. Las Torres 44-46, Pudahuel",-33.4662261,-70.7315113
Maipú,botilleria,"Botillería ""Stifler""","Av. Las Torres 168, Estación Central",-33.469725,-70.7307577
Maipú,botilleria,Botillería & Minimarket El Patrón,"Laguna del Inca 188, Pudahuel",-33.4639779,-70.7500711
Maipú,botilleria,Botilleria La Costanera,"Costanera Sur Zanjón de la Aguada 7588, Cerrillos",-33.4848024,-70.7287666
Maipú,botilleria,El botilleria,"Av. Los Pajaritos 7002, Santiago, Estación Central",-33.4688138,-70.7316647
Maipú,botilleria,Botillería Holanda,"Los Tulipanes 121, Maipú",-33.4875584,-70.77485349999999
Maipú,botilleria,Botillería Rayén,"Lebreles 8678, Pudahuel",-33.4636865,-70.75981159999999
Maipú,botilleria,Botilleria Las Torres,"441, Av. Las Torres 401, Maipú",-33.4723835,-70.7315771
Maipú,botilleria,Botilleria,"Groenlandia 2288, Cerrillos, Santiago",-33.489897,-70.7292514
Maipú,botilleria,Botilleria BOTIBASS,"Av. El Descanso 628, local 5, Maipú",-33.4701848,-70.7486605
Maipú,botilleria,Botillería Lassiepoli,"Teatro Municipal 1583, Maipú",-33.489653,-70.772313
Maipú,botilleria,Botilleria El Tío Auspicia,"Caletera, Av. Los Pajaritos 3838, Maipú",-33.4894689,-70.7533203
Maipú,botilleria,Botilleria don rober,"Oceanía 257, Pudahuel",-33.4612995,-70.7565153
Maipú,estacion de metro,Monte Tabor,"Maipú, Maipu",-33.4822141,-70.7453951
Maipú,estacion de metro,Las Parcelas,"Maipú, Maipu",-33.475394,-70.740043
Maipú,estacion de metro,Laguna Sur,Pudahuel,-33.4621238,-70.73791779999999
Maipú,estacion de metro,PI238-Av. Américo Vespucio / esq. Santa Elena,"Maipú, Maipu",-33.4793347,-70.7551184
Maipú,estacion de metro,PI1788-Parada / Est. Intermodal Del Sol,"Maipú, Maipu",-33.4895363,-70.7527336
Maipú,estacion de metro,PI387-Parada 2 / Paradero 12 Pajaritos,"Maipú, Maipu",-33.4870472,-70.7497518
Maipú,estacion de metro,PI665-Dr. Vargas Salcedo / esq. El Universo,Cerrillos,-33.4987961,-70.730948
Maipú,estacion de metro,PI414-Parada 1 / (M) Las Parcelas,"Maipú, Maipu",-33.4750891,-70.7401031
Maipú,estacion de metro,PI389-Parada 2 / (M) Monte Tabor,"Maipú, Maipu",-33.4819947,-70.7451335
Maipú,estacion de metro,Metro,"Av. Tte. Cruz, Pudahuel",-33.4621328,-70.7379409
Maipú,estacion de metro,PI393-Parada 2 / Paradero 7 1/2 Pajaritos,"Maipú, Maipu",-33.4698394,-70.7341488
Maipú,estacion de metro,PI253-Parada 3 / (M) Del Sol,"Maipú, Maipu",-33.4887518,-70.7521538
Maipú,estacion de metro,PI415-Parada 1 / Paradero 10 Pajaritos,"Maipú, Maipu",-33.4770113,-70.74148339999999
Maipú,estacion de metro,PI412-Parada 1 / Paradero 7 1/2 Pajaritos,Pudahuel,-33.4696659,-70.7343089
Maipú,estacion de metro,PI418-Parada 1 / Paradero 12 Pajaritos,"Maipú, Maipu",-33.4860948,-70.7489879
Maipú,estacion de metro,PI237-Parada / Mall Arauco Maipú,"Maipú, Maipu",-33.4834423,-70.7528325
Maipú,estacion de metro,PI411-Parada 1 / Paradero 7 Pajaritos,Estación Central,-33.4674776,-70.7306693
Maipú,estacion de metro,PI598-Las Golondrinas (P) / esq. Los Cancilleres,"Maipú, Maipu",-33.4857182,-70.73821699999999
Maipú,estacion de metro,PI394-Parada 2 / Paradero 7 Pajaritos,Estación Central,-33.4685526,-70.7318947
Maipú,estacion de metro,PI236-Parada 2 / (M) Del Sol,"Maipú, Maipu",-33.4888376,-70.75169919999999
Maipú,estacion de metro,Metro Las Parcelas - Maipú,"Av. Los Pajaritos 5100, Maipú",-33.4749382,-70.74035719999999
Maipú,estacion de metro,PI413-Parada 1 / Paradero 8 Pajaritos,"Maipú, Maipu",-33.4719255,-70.73754439999999
Maipú,estacion de metro,PI1024-Parada 4 / (M) Las Parcelas,"Maipú, Maipu",-33.4752221,-70.7407837
Maipú,estacion de metro,PI241-Av. Américo Vespucio / esq. Cond. Don Pedro,"Maipú, Maipu",-33.4664942,-70.7620803
Maipú,estacion de metro,PI417-Parada / Colegio Santa María de Maipú,"Maipú, Maipu",-33.4836516,-70.74651519999999
Maipú,estacion de metro,PI534-Parada 3 / Paradero 10 Pajaritos,"Maipú, Maipu",-33.4777504,-70.7402908
Maipú,estacion de metro,Plaza Las Palmeras,"Av. Sta. Rosa 46, Maipú",-33.4783427,-70.7415418
Maipú,estacion de metro,RADIO TAXI PAJARITOS,"Longitudinal 4966, Maipú",-33.475705,-70.74898759999999
Maipú,estacion de metro,Shell,"Av. Américo Vespucio 2025, Santiago, Maipú",-33.4712,-70.7598
Maipú,estacion de metro,Bicicletero,Estación Central,-33.467753,-70.7308257
Maipú,estacion de metro,McDonald's,"Av. Gladys Marín Millie 6991, M 6991, Santiago, Pudahuel",-33.4676915,-70.7316853
Maipú,estacion de metro,Parque Pajaritos,"Av. Los Pajaritos 87, Maipú",-33.4789677,-70.7427223
Maipú,estacion de metro,Jumbo,"Av. Américo Vespucio 1001, Maipú",-33.4803869,-70.7521848
Maipú,estacion de metro,Fuenzalida Propiedades,"Frente Estación Metro Monte Tabor - Av. Los Pajaritos 4493, Maipú",-33.4816637,-70.74444729999999
Maipú,comisaria,34 Police Station Vista Alegre,"Av. Las Torres 7468, Cerrillos",-33.4989308,-70.7322262
Maipú,comisaria,Policia de Investigaciones de Chile,"Koiko 7524, Pudahuel, Santiago",-33.4642503,-70.74331939999999
Maipú,botilleria,botillería La Perlita,"Av. 5 de Abril 1222, Cerrillos",-33.5098736,-70.7305832
Maipú,botilleria,Botilleria . La Junta,"Simón Bolívar 4149, Maipú",-33.4761352,-70.7255939
Maipú,botilleria,Botilleria don beto,"Los Tilos 365, Cerrillos",-33.5086171,-70.73007969999999
Maipú,botilleria,BOTILLERIA LA LUNA,"La Sinfonía 459, Maipú",-33.4896111,-70.7575961
Maipú,botilleria,botilleria,"Los Aerolitos 7320, Cerrillos",-33.4966372,-70.7295698
Maipú,botilleria,Botilleria J&C,"24 de Diciembre 2764, Cerrillos",-33.4850925,-70.7254744
Maipú,botilleria,BOTILLERIA LUKAS,"Manchester 375, Maipú",-33.4737474,-70.7361056
Maipú,botilleria,Botilleria el Tio Lucho,"Pje. 8 de Marzo 2668, Cerrillos",-33.4854828,-70.7290394
Maipú,botilleria,CRISTAL BOTILLERÍA,"Maipú, Maipu",-33.4881411,-70.7649084
Maipú,botilleria,BOTILLERIA ESE & EME,"Maipú, Maipu",-33.4732058,-70.7484558
Maipú,botilleria,BOTILLERIA LA PASARELA,"Primo de Rivera 920, Maipú",-33.49345100000001,-70.74642589999999
Maipú,estacion de metro,PI1508-Volcán Maipo / esq. El Manzano,"Maipú, Maipu",-33.4876889,-70.7531527
Maipú,estacion de metro,PI1415-Avenida El Rosal / esq. Av. A. Vespucio,"Maipú, Maipu",-33.4791309,-70.7561334
Maipú,estacion de metro,Radio taxi Las Golondrinas,"Av. Sta. Rosa 817, Maipú",-33.4829809,-70.7379629
Maipú,botilleria,Botilleria San Jose,"San José 1883, Maipú",-33.5169077,-70.7850654
Maipú,botilleria,Botilleria DyD,"Diego Barros Ortiz 1825, Maipú",-33.5229713,-70.7847869
Maipú,botilleria,Distribuidora y Botilleria DyD 2,"Ignacio García Silva 2761, Maipú",-33.52707000000001,-70.79462
Maipú,botilleria,Botillería Marina 3,"La Candelaria 2674, Maipú",-33.5113773,-70.79403049999999
Maipú,botilleria,Botilleria Don Lucho,"Av. Alfredo Silva Carvallo 1951, Maipú",-33.5326941,-70.78135859999999
Maipú,botilleria,Botillería Los Tios,"Las Naciones 1142, Maipú",-33.5188046,-70.78628069999999
Maipú,botilleria,Botillería el Alero,"Av. 4 Pte. 1766, Maipú",-33.5147516,-70.7914351
Maipú,botilleria,Tierra del Licor,"Gral José San Martín 3102, Maipú",-33.4989591,-70.76437709999999
Maipú,botilleria,Botillería Ari,"Av. 4 Pte., Maipú",-33.506507,-70.7909494
Maipú,botilleria,BOTILLERIA SAN PEDRO,"Pdte Arturo Alessandri Palma 2055, Maipú",-33.5306881,-70.7823914
Maipú,botilleria,Climax Botillería,"Campanario 2375, Maipú",-33.5201953,-70.79093209999999
Maipú,botilleria,Botilleria el Alero 2,"La Candelaria 2668, Maipú",-33.5112807,-70.7939731
Maipú,botilleria,Aimar BOTILLERIA,"Maipú, Maipu",-33.5201481,-70.7907688
Maipú,botilleria,BOTILLERIA LA PEPE,"Hermógenes Pérez de Arce 150, Maipú",-33.531797,-70.7690041
Maipú,botilleria,BOTILLERIA FANNY,"Libertadores de Chile, Maipú",-33.5041515,-70.7964798
Maipú,botilleria,Botilleria licoreria El Gran Ciro,"Av. Portales 2197, Maipú",-33.5185816,-70.7886961
Maipú,botilleria,BOTILLERIA EL INGLÉS,"Av. Portales 2149, Maipú",-33.518502,-70.78792469999999
Maipú,botilleria,Botilleria don chano2,"Campanario 2347, Maipú",-33.5202918,-70.7906374
Maipú,botilleria,BOTILLERIA Los Mononos,"Av. Alfredo Silva Carvallo 1260, Maipú",-33.5308084,-70.7732667
Maipú,botilleria,DON BOTILLERIA,"Maipú, Maipu",-33.5249619,-70.7733842
Maipú,botilleria,BOTILLERIA YASMIN,"Las Tinajas 1827, Maipú",-33.5156304,-70.7851046
Maipú,botilleria,Botilleria Los Albos,"Av. Sur 1621, Maipú",-33.521663,-70.78063440000001
Maipú,botilleria,Botillería Barbie,"Av. 4 Pte. 2358, Maipú",-33.5063034,-70.7910847
Maipú,botilleria,El Bolon,"Av. 4 Pte. 511, Maipú",-33.523514,-70.7914912
Maipú,botilleria,Botilleria y MiniMarket Donde la TERE,"El Porvenir de Maipú 2802, Maipú",-33.5023535,-70.788097
Maipú,botilleria,BOTILLERIA LA JEFA,"Av. Sur 177, Maipú",-33.5208211,-70.75917369999999
Maipú,botilleria,Botillería La Sed,"Belarmino Osorio 11, Maipú",-33.5133738,-70.7570703
Maipú,botilleria,Botilleria El Almendro,"La Fortuna 520, local 4, Maipú",-33.5234035,-70.7660401
Maipú,botilleria,Botilleria Verito,"Av. Portales 1735, Maipú",-33.5181662,-70.7830685
Maipú,botilleria,Botilleria 3 Poniente,"Av. 3 Pte. 1533, Local B C, Maipú",-33.5162608,-70.7777156
Maipú,botilleria,Botillería donde el yoyi,"El Azadón 2238, Maipú",-33.5089156,-70.7823963
Maipú,discoteca,Bar Vittorio,"Av. Los Pajaritos 2605, Maipú",-33.5033496,-70.757102
Maipú,discoteca,Fashion Girls Chacabuco,"Pasaje Arquitecto Millar 2033, Av. Los Pajaritos 1948, Maipú",-33.5089511,-70.75852019999999
Maipú,discoteca,Civilo Resto-Bar,"Av. Los Pajaritos 3145, Maipú",-33.4986388,-70.75721279999999
Maipú,discoteca,Bar Maipú,"Manuel Rodríguez 1975, Maipú",-33.5088256,-70.7598558
Maipú,discoteca,Bar Terranova,"Av. Los Pajaritos 3488, Maipú",-33.4951903,-70.7577574
Maipú,estacion de metro,PI372-Av. Nueva San Martín / esq. Avenida 4 Poniente,"Maipú, Maipu",-33.524936,-70.7922681
Maipú,estacion de metro,PI1570-Camino a Rinconada / esq. Avenida 4 Poniente,"Maipú, Maipu",-33.5053427,-70.7910319
Maipú,estacion de metro,PI1448-Avenida 4 Poniente / esq. Pdte. Frei Montalva,"Maipú, Maipu",-33.5292659,-70.7925459
Maipú,estacion de metro,PI194-Avenida 4 Poniente / esq. Agua Santa,"Maipú, Maipu",-33.5133964,-70.79073389999999
Maipú,estacion de metro,Agua Santa 2800,"Agua Santa 2800, Maipú",-33.5138888,-70.7953946
Maipú,estacion de metro,UNIMARC MAIPU 4 PONIENTE,"Av. 4 Pte. 1197, Maipú",-33.5311971,-70.7925113
Maipú,comisaria,52a Comisaría Rinconada de Maipú,"Av. 4 Pte. 2020, Maipú",-33.5112207,-70.7909176
Maipú,comisaria,PI195-Avenida 4 Poniente / esq. Pasaje Chungará,"Maipú, Maipu",-33.5106224,-70.79048829999999
Maipú,comisaria,PDI,"Monumento 2450, 227083115, Maipú",-33.5047669,-70.7590675
Maipú,botilleria,Botillería Amatías,"Francisco Flores del Campo, Maipú",-33.5351679,-70.7919248
Maipú,botilleria,Botillería Chillán 6,"Pdte. José Manuel Balmaceda 2612, Maipú, Santiago",-33.5394591,-70.7869942
Maipú,botilleria,Botilleria LO VASQUEZ,"Egipto 501, Maipú",-33.5443693,-70.7737408
Maipú,botilleria,Botillería Sayonara,"René Olivares Becerra 2476, Maipú",-33.5399843,-70.784576
Maipú,botilleria,Botilleria ximena,"Abisinia 1591, Maipú",-33.54783159999999,-70.7603108
Maipú,botilleria,Botilleria la Antena,"Cabo de Hornos 485, 491, Maipú",-33.5374119,-70.7845718
Maipú,botilleria,Botillería Las Brisas,"Av. 4 Pte. 794, Maipú",-33.5467407,-70.7711576
Maipú,botilleria,BOTILLERIA EL TERKO,"C. los Inquilinos, Maipú",-33.5517539,-70.7945658
Maipú,botilleria,Hawaii Botillería,"Av. 4 Pte. 1261, Maipú",-33.5492532,-70.7665835
Maipú,botilleria,Botillería “Naty”,"Galatea 1167, Santiago, Maipú",-33.547372,-70.76627119999999
Maipú,botilleria,Botillería “La Poción Mágica”,"El Labrador 16366, Maipú",-33.5459556,-70.7654209
Maipú,botilleria,Botilleria Francisco Pizarro,"Francisco Pizarro 2614, Maipú",-33.536592,-70.7900906
Maipú,botilleria,Egipto BOTILLERIA,"Egipto 71, Maipú",-33.54266800000001,-70.7779013
Maipú,botilleria,Minimarket y Botillería Paddock,"C. Lago Las Torres Ote. 325, Maipú",-33.5523824,-70.79988879999999
Maipú,botilleria,Botilleria - Minimarket Renacer,"Las Industrias 16398, Maipú",-33.5427157,-70.7720038
Maipú,botilleria,Los Notros,"Av. Portales 565, Maipú",-33.5174461,-70.7641689
Maipú,botilleria,Botilleria el bosque,"Gabriel González Videla 2365, Maipú",-33.5358336,-70.78657489999999
Maipú,botilleria,Botilleria y Almacen Sayonara,"Av. Maipú, Región Metropolitana, Las Industrias 16673, Maipú",-33.5449585,-70.77396449999999
Maipú,botilleria,Botillería Donde Juanito,"Los Diamantes 322, Maipú",-33.5298117,-70.76709009999999
Maipú,botilleria,Botilleria Chillan N 1,"Av. Alfredo Silva Carvallo 1087, Maipú",-33.5292988,-70.7716253
Maipú,botilleria,Minimarket y Botilleria Venelux,"Pje. la Balada 144, Santiago, Maipú",-33.55330250000001,-70.7978402
Maipú,botilleria,Botillería Danny,"Los Generales 809, Maipú",-33.5211802,-70.7703495
Maipú,botilleria,Botilleria la penúltima,"Luis Hernández Parker 766, Maipú",-33.5297199,-70.76714439999999
Maipú,estacion de metro,PI301-Camino a Melipilla / esq. Avenida 3 Poniente,"Maipú, Maipu",-33.53589,-70.76953
Maipú,estacion de metro,PI273-Camino a Melipilla / esq. Egipto,"Maipú, Maipu",-33.5425022,-70.7787611
Maipú,estacion de metro,(Futuro) Metrotren Tres Poniente,"Maipú, Maipu",-33.5355604,-70.76951590000002
Maipú,estacion de metro,Estación Ciudad Satélite,"Maipú, Maipu",-33.554422,-70.79679399999999
Maipú,comisaria,PI279-Parada / Gasco - Maipú,"Maipú, Maipu",-33.53178,-70.76302
Las Condes,botilleria,Al Toque Boti,"Pernambuco 4910, Las Condes",-33.411227,-70.57792239999999
Las Condes,botilleria,Botilleria Vitacura,"Av Vitacura 3324, Vitacura",-33.4058881,-70.5984976
Las Condes,botilleria,LIQUIDOS.cl,"Av. Francisco Bilbao 3978, Santiago, Las Condes",-33.4312738,-70.5807923
Las Condes,botilleria,Full Apoquindo,"Av. Apoquindo 6266, Las Condes",-33.4081621,-70.5658029
Las Condes,botilleria,Botilleria Marbella,"Av. Tobalaba 1505, Providencia",-33.4275099,-70.5898381
Las Condes,botilleria,Botillería Bodega 196,"Nueva Los Leones 0196, Local 3, Providencia",-33.4189429,-70.60760309999999
Las Condes,botilleria,BOTILLERIA LA DESPENSA 50 Años en el Corazón de las Condes,"Cerro La Parva 980, Las Condes",-33.4058638,-70.5839144
Las Condes,botilleria,3 Ice Botilleria,"Av. Providencia 2575, Providencia",-33.4190537,-70.6032419
Las Condes,botilleria,Botillería Palamar,"Av. Providencia 2358, Santiago, Providencia",-33.4201348,-70.6068634
Las Condes,botilleria,La Esquina,"Av. Los Leones 30, Providencia",-33.4202309,-70.6056045
Las Condes,botilleria,Minimarket y Botillería CFJ,"Av. Apoquindo 5871, Las Condes",-33.4095156,-70.569424
Las Condes,botilleria,TodoLicor,"Av Vitacura 5374, Vitacura",-33.3956996,-70.5808271
Las Condes,discoteca,Sala Gente Santiago,"Av. Apoquindo 4900, Las Condes",-33.4116782,-70.5781348
Las Condes,discoteca,Club Siete,"Isidora Goyenechea 3000, piso 4, Las Condes",-33.4138524,-70.59860490000001
Las Condes,discoteca,terraza bar Providencia,"Bucarest 95, Providencia",-33.4192707,-70.6076345
Las Condes,discoteca,Candelaria Bar,"Candelaria Goyenechea 3820, Vitacura",-33.4005165,-70.5932998
Las Condes,discoteca,CentroParque Event Center,"Pdte. Riesco 5330, Las Condes",-33.4033699,-70.5751495
Las Condes,estacion de metro,Cristóbal Colón,Providencia,-33.4262968,-70.59125
Las Condes,estacion de metro,El Golf,Las Condes,-33.41671669999999,-70.5961019
Las Condes,estacion de metro,Francisco Bilbao,Providencia,-33.43134670000001,-70.58495549999999
Las Condes,estacion de metro,Tobalaba,Providencia,-33.418088,-70.60188699999999
Las Condes,estacion de metro,Alcántara,Las Condes,-33.4153491,-70.58941999999999
Las Condes,estacion de metro,Manquehue,"O'connell 19, Las Condes",-33.409034,-70.5686154
Las Condes,estacion de metro,Escuela Militar,Las Condes,-33.4136049,-70.5828689
Las Condes,estacion de metro,PC155-Parada 1 / (M) Tobalaba,Providencia,-33.4189677,-70.60319319999999
Las Condes,estacion de metro,PC187-Parada 2 / Hospital Metropolitano,Providencia,-33.4190851,-70.6058386
Las Condes,estacion de metro,PC61-Av. Américo Vespucio / esq. Psje. Las Hualtatas,Vitacura,-33.4023244,-70.5865784
Las Condes,estacion de metro,PC1066-Parada 4 / (M) Manquehue,Las Condes,-33.40952,-70.56953
Las Condes,estacion de metro,estacion de metro,"Av. Apoquindo 4820, Las Condes",-33.4121152,-70.57929589999999
Las Condes,estacion de metro,PD478-Av. Francisco Bilbao / esq. Av. A. Vespucio,La Reina,-33.4313323,-70.575108
Las Condes,estacion de metro,PC1016-Parada 3 / (M) Tobalaba,Providencia,-33.4175792,-70.6029138
Las Condes,estacion de metro,Metro Tobalaba,"Av. Providencia 2593, Providencia, Las Condes",-33.4189034,-70.6028601
Las Condes,estacion de metro,Entrada Metro Tobalaba,"Av. Luis Thayer Ojeda 19, 41, Providencia",-33.4184961,-70.60290979999999
Las Condes,estacion de metro,Metro Escuela Militar,"Av. Apoquindo 4500, Las Condes",-33.413517,-70.5832512
Las Condes,estacion de metro,PC618-Parada 1 / (M) Francisco Bilbao,Providencia,-33.4311561,-70.58517549999999
Las Condes,estacion de metro,PC378-Parada 2 / (M) Manquehue,Las Condes,-33.4081365,-70.5656698
Las Condes,estacion de metro,Estación Vitacura - Futura Línea 7 Metro de Santiago,"Av Vitacura 3316, Vitacura",-33.4060508,-70.5986692
Las Condes,estacion de metro,Metro Manquehue,"Av. Manquehue Nte. 1490, Vitacura",-33.4086432,-70.5673317
Las Condes,estacion de metro,PC271-Parada 10 / (M) Los Leones,Providencia,-33.420446,-70.6076964
Las Condes,estacion de metro,PC35-Avenida Los Leones / esq. Lota,Providencia,-33.4236361,-70.6043676
Las Condes,estacion de metro,Estación El Golf,"San Crescente 2-16, Las Condes",-33.4167681,-70.5956444
Las Condes,estacion de metro,Bike Itaú,"LC010 - Metro Manquehue - Norte, Las Condes",-33.4085235,-70.5669618
Las Condes,estacion de metro,Metro Manquehue,"Rosario Nte 400, Las Condes",-33.40957,-70.5703099
Las Condes,estacion de metro,METRO LOS LEONES,"Av. Providencia 2304, Local 18, Providencia",-33.4205164,-70.6080053
Las Condes,estacion de metro,Bike Itaú,"P08 - Metro Colón, Santiago",-33.426507,-70.591061
Las Condes,estacion de metro,Bike Itaú,"LC068 - Metro Manquehue - Sur, Las Condes",-33.4088654,-70.5670528
Las Condes,estacion de metro,Manquehue Sur 329 Garage,"Av. Manquehue Sur 329, Las Condes",-33.4108278,-70.5670004
Las Condes,botilleria,Botilleria Moscu Vitacura,"Av. Luis Pasteur 6420, Vitacura",-33.3827898,-70.573054
Las Condes,botilleria,Botillería Tomorrow - Las Condes 7480,"Av. Las Condes 7480, Las Condes",-33.4021291,-70.55586029999999
Las Condes,botilleria,MINIMARKET & BOTILLERIA Los Molinos,"Av.Presidente Sebastián Piñera Echenique 993, Las Condes",-33.417491,-70.5540157
Las Condes,botilleria,COPETEXPRESS,"Av. Las Condes 7162, Las Condes, Santiago",-33.4043373,-70.5572341
Las Condes,botilleria,KAMADI Vitacura,"Av Vitacura 5374, Vitacura",-33.3956955,-70.5808313
Las Condes,botilleria,LOS TRES REYES ( Don Quijote ),"Hernando de Magallanes 36, Las Condes",-33.40832080000001,-70.55560679999999
Las Condes,botilleria,Don Fritz,"Av Vitacura 8939, Vitacura",-33.3837723,-70.5506846
Las Condes,botilleria,Botilleria El Español,"Av. Manquehue Sur 994, Las Condes",-33.4162661,-70.56463769999999
Las Condes,botilleria,Licorería Nueva Modelo Iv Centenario 702,"Av.Presidente Sebastián Piñera Echenique 702, Las Condes",-33.4135478,-70.5584059
Las Condes,botilleria,Chiledrink,"Av. Apoquindo 5098, Las Condes",-33.4109664,-70.57558039999999
Las Condes,botilleria,La Esquina Minimarket Botillería,"Los Militares 6050, Las Condes",-33.4050112,-70.5691252
Las Condes,botilleria,Minimarket,"Cerro Colorado 5898, Las Condes",-33.4008824,-70.5725981
Las Condes,discoteca,Club Amanda,"Embajador Doussinague 1767, Local D 0027, Vitacura",-33.3875946,-70.5680501
Las Condes,discoteca,Club Seven,"Av Vitacura 5480, Vitacura",-33.3942658,-70.5790152
Las Condes,discoteca,Santo angel vitacura,"Av Vitacura 4065, Vitacura",-33.4001393,-70.5908231
Las Condes,discoteca,Sky Club 23,"Terraza Hotel ICON Santiago - Alonso de Córdova 6050, Piso 23, Las Condes",-33.4078364,-70.5681991
Las Condes,estacion de metro,Hernando de Magallanes,Las Condes,-33.408265,-70.55616239999999
Las Condes,estacion de metro,PC876-Parada 5 / (M) Escuela Militar,Las Condes,-33.4143782,-70.5841703
Las Condes,estacion de metro,PC96-Av. Manquehue Norte / esq. Los Militares,Las Condes,-33.40542,-70.56839
Las Condes,estacion de metro,PC97-Av. Manquehue Norte / esq. Av. Pdte. Riesco,Las Condes,-33.4025963,-70.5694011
Las Condes,estacion de metro,PC321-Parada / Av. Pdte.Kennedy Altura del 5000,Las Condes,-33.4023225,-70.5812226
Las Condes,estacion de metro,PC617-Parada 1 / (M) Escuela Militar,Las Condes,-33.4130149,-70.5818294
Las Condes,estacion de metro,Metro Hernando de Magallanes,"Pehuén 7073-7099, Las Condes",-33.4082423,-70.55665979999999
Las Condes,estacion de metro,PC322-Parada 1 / Mall Parque Arauco,Las Condes,-33.40127,-70.57857
Las Condes,estacion de metro,PC219-Parada / Estadio Manquehue,Vitacura,-33.3928362,-70.5760365
Las Condes,estacion de metro,PC178-Parada 7 / (M) Manquehue,Las Condes,-33.4091376,-70.5690241
Las Condes,estacion de metro,PC337-Parada 4 / Mall Parque Arauco,Vitacura,-33.3996401,-70.5763636
Las Condes,estacion de metro,PC164-Parada 3 / (M) Manquehue,Las Condes,-33.4090081,-70.5675766
Las Condes,estacion de metro,PC57-Parada 8 / (M) Escuela Militar,Las Condes,-33.41388999999999,-70.58447
Las Condes,estacion de metro,PC105-Parada 1 / (M) Manquehue,Las Condes,-33.40777,-70.56779
Las Condes,estacion de metro,PC157-Parada / Municipalidad de Las Condes,Las Condes,-33.41641,-70.59429
Las Condes,estacion de metro,PC260-Parada / Alianza Francesa,Vitacura,-33.3960621,-70.5811318
Las Condes,estacion de metro,PC104-Av. Manquehue Norte / esq. Los Militares,Las Condes,-33.4049143,-70.5688804
Las Condes,estacion de metro,PC334-Av. Pdte. Kennedy / esq. G. de Alderete,Vitacura,-33.3942303,-70.5615108
Las Condes,estacion de metro,PC261-Avenida Vitacura / esq. B. De Las Casas,Vitacura,-33.3978271,-70.5852903
Las Condes,estacion de metro,PC167-Parada 2 / (M) Hernando de Magallanes,Las Condes,-33.4080316,-70.5559694
Las Condes,estacion de metro,PC1254-Av. Manquehue Sur / esq. Avenida Apoquindo,Las Condes,-33.40902,-70.56692
Las Condes,estacion de metro,PC1065-Parada 5 / (M) Manquehue,Las Condes,-33.40949000000001,-70.57030999999999
Las Condes,estacion de metro,PC373-Parada 6 / (M) Manquehue,Las Condes,-33.4092652,-70.5694877
Las Condes,estacion de metro,PC184-Parada 1 / (M) Alcántara,Las Condes,-33.41532,-70.58976
Las Condes,estacion de metro,PC182-Parada 9 / (M) Escuela Militar,Las Condes,-33.4133209,-70.58253069999999
Las Condes,estacion de metro,PC264-Avenida Vitacura / esq. Alonso de Córdova,Vitacura,-33.4014769,-70.59365509999999
Las Condes,estacion de metro,PC265-Avenida Vitacura / esq. Francisco de Aguirre,Vitacura,-33.4036735,-70.5959865
Las Condes,estacion de metro,Bike Itaú,"LC011 - Metro Hernando De Magallanes, Las Condes",-33.4083286,-70.55652409999999
Las Condes,estacion de metro,PC213-Avenida Vitacura / esq. Alonso de Córdova,Vitacura,-33.4021805,-70.5941303
Las Condes,estacion de metro,PC1106-Parada / Municipalidad de Las Condes,Las Condes,-33.41611,-70.59369
Las Condes,estacion de metro,PC620-Warren Smith / esq. Avenida Apoquindo,Las Condes,-33.4102142,-70.5746379
Las Condes,estacion de metro,Bike Itaú,"LC019 - Metro Alcántara, Santiago, Las Condes",-33.4158183,-70.5895556
Las Condes,estacion de metro,"Av. Apoquindo 4411, Loc 193 y 195","Santiago, Las Condes",-33.4142399,-70.5838256
Las Condes,estacion de metro,Sbarro Mall,"Américo Vespucio Nte. 1737, Huechuraba, Vitacura",-33.3988378,-70.5871842
Las Condes,comisaria,Police 37 ° Commissariat Vitacura,"Pto Rico 7905, Vitacura",-33.3894061,-70.5545004
Las Condes,comisaria,Seventeenth Precinct Las Condes,"Las Tranqueras 840, Las Condes",-33.3942491,-70.5538864
Las Condes,comisaria,Trigesimaseptima Comisaría Vitacura,"Pto Rico 7905, Vitacura",-33.3894031,-70.55449329999999
Las Condes,comisaria,PDI,"Vicente Huidobro 191, Las Condes",-33.3972601,-70.5527951
Las Condes,comisaria,Carabineros OS10,"Los Militares 4221-4319, Las Condes",-33.4142784,-70.5869494
Las Condes,comisaria,"Municipalidad las Condes/1°, 2° y 3°Juzgado de Policia Local","Av. Apoquindo 3300, Las Condes",-33.4160547,-70.5960374
Las Condes,comisaria,Fiscalía Local de Las Condes,"Los Militares 5550, Las Condes",-33.4065045,-70.5732427
Las Condes,comisaria,Notaria Evelyn Sanchez Tapia,"Comuna de - Av Vitacura N° 3724, Vitacura, Santiago",-33.4022708,-70.5946239
Las Condes,comisaria,Tesorería Provincial de Las Condes,"Cerro El Plomo 6000, Las Condes",-33.40394380000001,-70.57017929999999
Las Condes,botilleria,National Liquor Store,"Av. Las Condes 9144, Local 4, Las Condes",-33.3923139,-70.5435317
Las Condes,botilleria,Botillería los Dominicos,"Los Dominicos 8134, Las Condes",-33.4111392,-70.54598899999999
Las Condes,botilleria,Botilleria The Frog,"Av. Alexander Fleming 9164, Las Condes",-33.4236749,-70.534249
Las Condes,botilleria,"Botilleria Corchos, Abadia 14 Las Condes","Abadía 14, Las Condes",-33.3918573,-70.54207939999999
Las Condes,botilleria,Botillería Manquehue,"Isabel La Católica 6105, Las Condes",-33.425338,-70.56344620000002
Las Condes,discoteca,Club La Rubia,"Av. Las Condes 9160, Santiago, Las Condes",-33.3919246,-70.543249
Las Condes,estacion de metro,Los Dominicos,Las Condes,-33.4079,-70.54511
Las Condes,estacion de metro,PC278-Avenida Las Condes / esq. Juan Montalvo,Las Condes,-33.4063993,-70.56004899999999
Las Condes,estacion de metro,PC326-Av. Pdte. Kennedy / esq. G. de Alderete,Las Condes,-33.3949844,-70.5617125
Las Condes,estacion de metro,PC1068-Parada 2 / (M) Los Dominicos,Las Condes,-33.4082327,-70.5450146
Las Condes,estacion de metro,PC664-Parada 3 / Parque Gandarillas,Las Condes,-33.4161668,-70.5391758
Las Condes,estacion de metro,PC142-Av. Padre Hurtado / esq. Av. Las condes,Las Condes,-33.394368,-70.54520459999999
Las Condes,estacion de metro,PC331-Parada 2 / Mall Alto Las Condes,Vitacura,-33.3891423,-70.54754609999999
Las Condes,estacion de metro,Metro Los Dominicos,"Los Dominicos, Las Condes",-33.4081629,-70.5455289
Las Condes,estacion de metro,PC1109-Parada 3 / Rotonda Atenas,Las Condes,-33.4181828,-70.55157559999999
Las Condes,estacion de metro,PC143-Parada 4 / Mall Alto Las Condes,Las Condes,-33.3920905,-70.5470393
Las Condes,estacion de metro,PC118-Av. Padre Hurtado / esq. Bocaccio,Las Condes,-33.4005029,-70.54451
Las Condes,estacion de metro,PC1067-Parada 4 / (M) Los Dominicos,Las Condes,-33.40842,-70.5451781
Las Condes,estacion de metro,PC280-Avenida Las Condes / esq. Paul Klee,Las Condes,-33.4010488,-70.55443749999999
Las Condes,estacion de metro,PC1064-Parada 1 / (M) Los Dominicos,Las Condes,-33.4067844,-70.54429859999999
Las Condes,estacion de metro,PC169-Parada 5 / (M) Los Dominicos,Las Condes,-33.4080539,-70.5464018
Las Condes,estacion de metro,PC1034-Parada 2 / Rotonda Atenas,Las Condes,-33.4185851,-70.552797
Las Condes,estacion de metro,Estación Los Dominicos,"Av. Apoquindo, Vilanova &, Las Condes",-33.4085059,-70.54646
Las Condes,estacion de metro,Estación Padre Hurtado - Futura Línea 7,"Av. Pdte. Kennedy Lateral, Av. Padre Hurtado Nte &, Vitacura",-33.3892111,-70.5480671
Las Condes,estacion de metro,PC660-Parada 3 / Mall Alto Las Condes,Las Condes,-33.3918806,-70.5473785
Las Condes,estacion de metro,Mallplaza Los Dominicos,"Av. Padre Hurtado Sur 875, Las Condes",-33.4150237,-70.5406142
Las Condes,estacion de metro,PC136-Parada 4 / INACAP Apoquindo,Las Condes,-33.4087179,-70.5517955
Las Condes,estacion de metro,PC442-Parada / Clínica Cordillera,Las Condes,-33.4250809,-70.5500034
Las Condes,estacion de metro,PC458-Parada / Clínica Cordillera,Las Condes,-33.4248937,-70.54946869999999
Las Condes,estacion de metro,PC165-Avenida Apoquindo / esq. E. Dell'Orto,Las Condes,-33.4079432,-70.5635616
Las Condes,estacion de metro,PC477-Parada 2 / Hospital Dipreca,Las Condes,-33.4170756,-70.5294335
Las Condes,comisaria,Carabineros,"Cam. El Alba 9210, Las Condes",-33.4039909,-70.5377551
Las Condes,comisaria,PC327-Av. Pdte. Kennedy / esq. Av. Las Tranqueras,Las Condes,-33.3921735,-70.5535957
Las Condes,botilleria,Botilleria Los Leoneses,"Av. Francisco Bilbao 7525, La Reina",-33.4306717,-70.5531883
Las Condes,botilleria,Botillería Plaza la reina,"Valenzuela Llanos 1314, La Reina",-33.4400712,-70.5335674
Las Condes,botilleria,Botilleria Don Justo,"Alcalde Alejandro Chadwick 2177, La Reina",-33.4347147,-70.55741119999999
Las Condes,botilleria,Botilleria Bonmeson,"Av. Cristóbal Colón 5959, Las Condes",-33.417062,-70.56555689999999
Las Condes,botilleria,Minimarket J&R,"O'connell 60, Las Condes",-33.408488,-70.5689223
Las Condes,estacion de metro,PC519-Av. Cristóbal Colón / esq. Av. Manquehue-Sur,Las Condes,-33.4167588,-70.56505320000001
Las Condes,estacion de metro,PC177-Parada 8 / (M) Manquehue,Las Condes,-33.4080221,-70.5647405
Las Condes,estacion de metro,PC550-Av. Cristóbal Colón / esq. Av. Manquehue-Sur,Las Condes,-33.4164407,-70.5644624
Las Condes,estacion de metro,PC976-Parada / Parque Padre Hurtado,La Reina,-33.4299669,-70.5482897
Las Condes,estacion de metro,PC752-Av. Manquehue Sur / esq. María Teresa,Las Condes,-33.4110817,-70.5666245
Las Condes,estacion de metro,Bici Las Condes 036,"Av. Manquehue Sur 48, Las Condes",-33.4084553,-70.5671639
Las Condes,estacion de metro,Bike Itaú,"LC012 - Metro Los Dominicos, Santiago, Las Condes",-33.4079749,-70.54575439999999
Las Condes,estacion de metro,Santa Isabel,"Av. Manquehue Sur 329, Las Condes",-33.410887,-70.566677
Las Condes,comisaria,Police Foreign Service,"Polobanda 1941, Las Condes",-33.4298687,-70.5564873
Las Condes,botilleria,Botilleria DRINKSTOGO,"Av. Las Condes 9621, Las Condes",-33.387738,-70.538652
Las Condes,estacion de metro,PC1135-Parada 2 / Nudo Estoril,Vitacura,-33.3832832,-70.53469059999999
Las Condes,estacion de metro,PC288-Avenida Las Condes / esq. San Damian,Las Condes,-33.3764968,-70.5258441
Las Condes,estacion de metro,PC237-Avenida Las Condes / esq. Lo Fontecilla,Las Condes,-33.3826753,-70.5325052
Las Condes,estacion de metro,PC352-Avenida Las Condes / esq. La Cabaña,Las Condes,-33.3715029,-70.5138807
Las Condes,estacion de metro,PC291-Parada 4 / Cantagallo,Vitacura,-33.3732805,-70.5192569
Las Condes,estacion de metro,PC290-Nueva Las Condes / esq. Sn. Francisco de Asís,Las Condes,-33.373393,-70.5175831
Las Condes,estacion de metro,PC615-Avenida Las Condes / esq. La Cabaña,Lo Barnechea,-33.3707152,-70.5122064
Las Condes,estacion de metro,PC233-Avenida Tabancura / esq. Las Hualtatas,Vitacura,-33.3809246,-70.5368227
Las Condes,estacion de metro,PC244-Parada 4 / Nudo Estoril,Vitacura,-33.3831362,-70.5341806
Las Condes,estacion de metro,PC891-Parada 6 / Nudo Estoril,Las Condes,-33.3843301,-70.53331469999999
Las Condes,estacion de metro,PC616-Avenida Las Condes / esq. Sn. Fco. de Asís,Lo Barnechea,-33.37187,-70.51585
Las Condes,estacion de metro,Estación Estoril - Futura Línea 7,"Estoril, Las Condes",-33.3843805,-70.53381949999999
Las Condes,estacion de metro,PC614-Parada / Colegio Hebreo,Lo Barnechea,-33.370141,-70.5084808
Las Condes,estacion de metro,Charles Hamilton Park,"Av. Charles Hamilton 10921, Las Condes",-33.3872084,-70.5232642
Las Condes,estacion de metro,Acceso al Cerro Calan,"Cam. del Observatorio 1515, Las Condes",-33.3974484,-70.5347924
Puente Alto,botilleria,"Botilleria ""Nuevo Amanecer""","Prof. Alcaíno 1171, Puente Alto",-33.6026081,-70.5608465
Puente Alto,botilleria,Botillería Punto Partida,"Av. Concha y Toro 0623, Puente Alto",-33.6200805,-70.5741096
Puente Alto,botilleria,Botillería Luján,"Av. Salvador Allende 0489, Puente Alto",-33.6197775,-70.5846418
Puente Alto,botilleria,LICORERÍA Y BOTILLERÍA SÁNCHEZ,"Calle San Hugo 19, Puente Alto",-33.59227,-70.5788876
Puente Alto,botilleria,BOTILLERIA LA TURKA DOCMAC,"Emiliano Figueroa 0548, Puente Alto",-33.6195162,-70.57680119999999
Puente Alto,botilleria,Botilleria Las Achiras,"Las Achiras 1234, Puente Alto",-33.628433,-70.5883796
Puente Alto,botilleria,Botilleria - Reina de Copas,"Independencia 27, Puente Alto",-33.6004524,-70.57832309999999
Puente Alto,botilleria,Botillería The Beer Store,"Dinamarca 1521, Puente Alto",-33.6126123,-70.5573301
Puente Alto,botilleria,Botilleria El Distinto,"Arturo Prat 9, Puente Alto",-33.6137033,-70.57539419999999
Puente Alto,botilleria,Botillería “Los Mankikos”,"Los Licenciados 0953, Puente Alto",-33.6259538,-70.58935079999999
Puente Alto,botilleria,Marbella,"Av. San Carlos 0843, Puente Alto",-33.597117,-70.565809
Puente Alto,botilleria,Botilleria Brindis,"Prof. Alcaíno 691, Puente Alto",-33.6028808,-70.5665432
Puente Alto,botilleria,Botilleria Millenium 2,"San Pedro 619, Puente Alto",-33.6226209,-70.5809393
Puente Alto,botilleria,Botillería Rossy,"Dr. Carlos Miranda, Puente Alto",-33.6090349,-70.58654299999999
Puente Alto,botilleria,BOTILLERIA ONE WAY,"Nonato Coo 173, Puente Alto",-33.6128954,-70.5630468
Puente Alto,botilleria,Botilleria Olimpia,"Av. Concha y Toro 620, Puente Alto",-33.6056688,-70.5769649
Puente Alto,botilleria,BOTILLERÍA MILENIUM,"Tocornal Grez 0480, Puente Alto",-33.6078779,-70.5798221
Puente Alto,botilleria,Botillería Guzmán,"Calle San Hugo 27, Puente Alto",-33.5922667,-70.5786996
Puente Alto,botilleria,Botillería BRINDIS,"Av. Concha y Toro 0469, Puente Alto",-33.6180153,-70.5745154
Puente Alto,botilleria,Botilleria DON MARIO,"Tocornal, parad.40, Puente Alto",-33.6095288,-70.5827953
Puente Alto,botilleria,BOTILLERIA VOYY VUELVO,"Juan Antonio Ríos 762, Puente Alto",-33.6217629,-70.5760583
Puente Alto,botilleria,Botillería San Pablo,"Av. Las Nieves Ote. 473, parad.36, Puente Alto",-33.5938098,-70.57227619999999
Puente Alto,botilleria,BOTILLERIA LOS ANDES,"Los Cóndores 19, Puente Alto",-33.61171,-70.5645026
Puente Alto,botilleria,Botilleria Italia,"Marcos Pérez 0905, Puente Alto",-33.6156008,-70.5643434
Puente Alto,botilleria,BOTILLERÍA PAL'8,"Sgto. Menadier 828, Puente Alto",-33.6177284,-70.5836889
Puente Alto,botilleria,Top Drinks Botilleria,Puente Alto,-33.5915276,-70.5710349
Puente Alto,botilleria,BOTILLERIA CMAsegura,"Emiliano Figueroa 548, Puente Alto",-33.6193788,-70.5767688
Puente Alto,botilleria,La Quinta Enmienda Botilleria,"Juan Antonio Ríos 762, Puente Alto",-33.6217845,-70.5760174
Puente Alto,botilleria,Botilleria Don Tolo,"Av. Eyzaguirre 549, Puente Alto",-33.6129912,-70.5826057
Puente Alto,botilleria,Sir Francis,"Ernesto Alvear 602, Puente Alto",-33.609204,-70.58621839999999
Puente Alto,botilleria,Botilleria Cristopher,"Sgto. Menadier 1045, Puente Alto",-33.6175568,-70.5861243
Puente Alto,estacion de metro,Las Mercedes,Puente Alto,-33.6014017,-70.57746279999999
Puente Alto,estacion de metro,Plaza de Puente Alto,Puente Alto,-33.60955,-70.57591
Puente Alto,estacion de metro,PF576-Arturo Prat / esq. Av. Eyzaguirre,Puente Alto,-33.6150383,-70.5956246
Puente Alto,estacion de metro,PF176-Parada 3 / (M) Plaza de Puente Alto,Puente Alto,-33.609604,-70.57602059999999
Puente Alto,estacion de metro,PF430-Avenida San Carlos / esq. Avenida México,Puente Alto,-33.5965999,-70.5586679
Puente Alto,estacion de metro,PF88-Parada 1 / (M) Plaza de Puente Alto,Puente Alto,-33.608395,-70.5762767
Puente Alto,estacion de metro,PF47-Nonato Coo / esq. Av. San Carlos,Puente Alto,-33.5968536,-70.566272
Puente Alto,estacion de metro,PF212-Parada 5 / (M) Plaza de Puente Alto,Puente Alto,-33.6091086,-70.574133
Puente Alto,estacion de metro,PF85-Parada 3 / (M) Las Mercedes,Puente Alto,-33.6001398,-70.5779003
Puente Alto,estacion de metro,PF126-Balmaceda / esq. 21 de Mayo,Puente Alto,-33.6116065,-70.57449749999999
Puente Alto,estacion de metro,PF213-Santa Elena / esq. José M. Irarrázaval,Puente Alto,-33.607819,-70.5733551
Puente Alto,estacion de metro,PF369-Avenida San Carlos / esq. Av. Concha y Toro,Puente Alto,-33.5976574,-70.5749778
Puente Alto,estacion de metro,PF97-Parada 2 / (M) Las Mercedes,Puente Alto,-33.6009113,-70.5774402
Puente Alto,estacion de metro,PF460-Parada 1 / (M) Las Mercedes,Puente Alto,-33.60171880000001,-70.57755399999999
Puente Alto,estacion de metro,PF250-Avenida Eyzaguirre / esq. Av. Concha y Toro,Puente Alto,-33.6123775,-70.5755624
Puente Alto,estacion de metro,Cruz Verde pharmacy,"Plaza - Av. Concha y Toro 398, Puente Alto",-33.6087906,-70.5762542
Puente Alto,estacion de metro,Plaza de Armas de Puente Alto,"Paradero 40 Av. Concha y Toro, P.º Manuel Rodríguez, Puente Alto",-33.6095152,-70.5754722
Puente Alto,estacion de metro,City Plaza Del Sol,"Av. Jorge Ross Ossa, Coquimbo, Puente Alto",-33.5957976,-70.5851613
Puente Alto,estacion de metro,Población San Gerónimo,"Los Comendadores, Av. Ejército Libertador, Puente Alto",-33.6252138,-70.58867889999999
Puente Alto,estacion de metro,Plaza Puente Alto,"P.º Manuel Rodríguez, Puente Alto",-33.6095367,-70.57542289999999
Puente Alto,estacion de metro,Paradero 37½ Av.Concha y Toro,"Paradero 37½ - Av. Concha y Toro, Puente Alto, Independencia",-33.60050680000001,-70.5777378
Puente Alto,estacion de metro,URBAN SPACE Pte Alto,"Av. Concha y Toro 1149, Puente Alto",-33.5998868,-70.57583860000001
Puente Alto,estacion de metro,Jumbo Puente Alto,"Sto Domingo 67, Puente Alto",-33.6118321,-70.5766256
Puente Alto,estacion de metro,Piwén Metro Plaza de Puente Alto,"Estación Plaza Puente Alto, Linea 4 del Metro, Puente Alto",-33.6097737,-70.5756823
Puente Alto,estacion de metro,Open Plaza Puente Alto,"Paradero 37, Av. Concha y Toro 1611-1989, Puente Alto",-33.5970948,-70.5773567
Puente Alto,estacion de metro,Hites,"Av. Concha y Toro 175, Puente Alto",-33.6103375,-70.5755513
Puente Alto,comisaria,Subcomisaría San Geronimo,"Real Audiencia 1265, Puente Alto",-33.6229754,-70.58915139999999
Puente Alto,comisaria,"20ª Comisaria Puente Alto, Carabineros de Chile","Balmaceda 421, Puente Alto",-33.6075787,-70.5752369
Puente Alto,comisaria,CARABINEROS DE CHILE,"Balmaceda 429, Puente Alto",-33.6074234,-70.57529079999999
Puente Alto,comisaria,Primer y Segundo Juzgado de Policia Local de Puente Alto,"Emiliana Subercaseaux de Concha 165, Puente Alto",-33.5954514,-70.5803911
Puente Alto,botilleria,Botilleria Chiledrink,"Av. Concha y Toro 3111, Puente Alto",-33.5815823,-70.5808763
Puente Alto,botilleria,Botillería A Lo Maldito,"Av. Troncal San Francisco 3205, local 5, Puente Alto",-33.579862,-70.5713081
Puente Alto,botilleria,Botilleria Fuentes,"Av. Las Nieves Ote. 2740, Puente Alto",-33.5855954,-70.5570623
Puente Alto,botilleria,Botilleria Francia,"Miguel Ángel 922, Puente Alto",-33.5829834,-70.5916787
Puente Alto,botilleria,Botilleria Kratos,"C. Creta 2969, Puente Alto",-33.5857001,-70.60146739999999
Puente Alto,botilleria,Botilleria the primis,"Av. Gabriela Ote. 1977, Puente Alto",-33.5758884,-70.5602196
Puente Alto,botilleria,Botillería La Chic,"Av. Gabriela Ote. 0736, Puente Alto",-33.5768969,-70.5736422
Puente Alto,botilleria,BOTILLERIA LAS TORRES,"Av. Ejercito Libertador 3077, Puente Alto",-33.5838784,-70.596908
Puente Alto,botilleria,Botilleria BYG,"Avenida Camilo Henríquez 2591, Av. México 2627, Local 102, Puente Alto",-33.5868123,-70.5629617
Puente Alto,botilleria,Botilleria La Sabrosa,"Av. Gabriela Pte. 520, Puente Alto",-33.5802446,-70.58750119999999
Puente Alto,botilleria,Botilleria juanito,"Av. Ejercito Libertador 3515, Puente Alto",-33.5789226,-70.5979254
Puente Alto,botilleria,Botilleria Don Nino,"Calle Creta Nte. 3534, Puente Alto",-33.5799411,-70.6034488
Puente Alto,botilleria,Botilleria El Labrador,"Av. Gabriela 1636, Puente Alto",-33.582053,-70.6010221
Puente Alto,botilleria,BOTILLERIA LORENA,"La Villa 02139, Puente Alto",-33.5822543,-70.5585506
Puente Alto,botilleria,Botilleria Los Alamos,"Juan de Dios Malebrán 2654, Puente Alto",-33.5881866,-70.59143089999999
Puente Alto,botilleria,CRISTAL BOTILLERIA,Puente Alto,-33.5865237,-70.586625
Puente Alto,botilleria,BOTILLERIA TIO JULIO,"Sagasca 1872, Puente Alto",-33.5862249,-70.6033643
Puente Alto,botilleria,Botilleria MONO'S,"Apolo 3346, Puente Alto",-33.57943,-70.5863413
Puente Alto,estacion de metro,Hospital Sótero del Río,Puente Alto,-33.5768784,-70.5822951
Puente Alto,estacion de metro,Protectora de la Infancia,Puente Alto,-33.5895734,-70.5798394
Puente Alto,estacion de metro,PF80-Parada 1 / Paradero 33 Av.Vicuña Mackenna,Puente Alto,-33.5857234,-70.5805061
Puente Alto,estacion de metro,PF79-Parada 1 / Paradero 32 Av.Vicuña Mackenna,Puente Alto,-33.5826801,-70.5811143
Puente Alto,estacion de metro,PF615-Avenida El Peñón / esq. Las Nieves-Oriente,Puente Alto,-33.579622,-70.5585425
Puente Alto,estacion de metro,PF125-Parada 1 / Paradero 31 Av.Vicuña Mackenna,Puente Alto,-33.57906120000001,-70.58180999999999
Puente Alto,estacion de metro,PF103-Parada 2 / Paradero 32 Av.Vicuña Mackenna,Puente Alto,-33.5829301,-70.5809616
Puente Alto,estacion de metro,PF161-Parada 6 / Paradero 32 Av.Vicuña Mackenna,Puente Alto,-33.5827183,-70.5805967
Puente Alto,estacion de metro,PF101-Parada 2 / (M) Protectora de la Infancia,Puente Alto,-33.5887375,-70.5798531
Puente Alto,estacion de metro,PF748-Parada 6 / (M) Hospital Sótero del Río,Puente Alto,-33.5779396,-70.5817917
Puente Alto,estacion de metro,PF311-Parada 3 / (M) Hospital Sótero del Río,Puente Alto,-33.5770801,-70.5825711
Puente Alto,estacion de metro,PF272-Parada 2 / (M) Hospital Sótero del Río,Puente Alto,-33.5768854,-70.5820009
Puente Alto,estacion de metro,PF758-Parada 1 / (M) Hospital Sótero del Río,Puente Alto,-33.5760615,-70.5823963
Puente Alto,estacion de metro,PF81-Parada 1 / (M) Protectora de la Infancia,Puente Alto,-33.589619,-70.5797528
Puente Alto,estacion de metro,PF759-Parada 4 / (M) Hospital Sótero del Río,Puente Alto,-33.5769289,-70.5821223
Puente Alto,estacion de metro,Metro Estación Hospital Doctor Sótero del Río Gundián Línea 4,"Paradero 30 - Av. Concha y Toro 115, Puente Alto",-33.5768227,-70.58243519999999
Puente Alto,estacion de metro,Panadería y pastelería La Estación,"Av. Concha y Toro 2489, Puente Alto",-33.5894291,-70.57947380000002
Puente Alto,estacion de metro,Oficina TNE Puente Alto - Junaeb,"Av. Concha y Toro 2528, Puente Alto",-33.5880993,-70.5805982
Puente Alto,comisaria,38th police station Puente Alto,"Av. Concha y Toro 3399, Puente Alto",-33.5788604,-70.58127290000002
Puente Alto,comisaria,Prefectura Cordillera,Puente Alto,-33.5789311,-70.5811549
Puente Alto,botilleria,Botilleria Marbella,"Los Toros 1026, Puente Alto",-33.5679513,-70.5721962
Puente Alto,botilleria,Botilleria La Baliza,"Pje. Puerto Belén 3879, Puente Alto",-33.5686219,-70.5671377
Puente Alto,botilleria,Botilleria Punto licores spa,Puente Alto,-33.5755205,-70.5620617
Puente Alto,botilleria,BOTILLERIA VALENTINO,"Sta Raquel 7010, La Florida",-33.5624113,-70.5996591
Puente Alto,estacion de metro,Elisa Correa,Puente Alto,-33.5693531,-70.58379699999999
Puente Alto,estacion de metro,PE138-Parada 1 / Paradero 27 Av.Vicuña Mackenna,Puente Alto,-33.5656701,-70.58441619999999
Puente Alto,estacion de metro,PF746-Parada 5 / (M) Hospital Sótero del Río,Puente Alto,-33.5755591,-70.5827535
Puente Alto,estacion de metro,PF129-Parada 4 / (M) Elisa Correa,Puente Alto,-33.5683596,-70.5838275
Puente Alto,estacion de metro,PF446-Parada 5 / (M) Elisa Correa,Puente Alto,-33.5694437,-70.5831859
Puente Alto,estacion de metro,PF764-Parada 2 / (M) Elisa Correa,Puente Alto,-33.5680894,-70.583731
Puente Alto,estacion de metro,PE887-Parada 6 / Paradero 26 Av.Vicuña Mackenna,La Florida,-33.5636861,-70.5844176
Puente Alto,estacion de metro,PF824-Parada 4 / Hospital de Niños,Puente Alto,-33.574389,-70.5825102
Puente Alto,estacion de metro,Estación Metro Elisa Correa - Línea 4,"Paradero 27 - Av. Concha y Toro 3982, Puente Alto",-33.5692758,-70.5838138
Puente Alto,estacion de metro,Paradero 28 Av.Concha y Toro Santelices Oliveros Jose Arturo,"Paradero 28 - Av. Concha y Toro, Puente Alto",-33.5713636,-70.5834038
Puente Alto,estacion de metro,Service Station COPEC - Av Concha Y Toro,"Av. Concha y Toro 3919, Puente Alto",-33.5698139,-70.5833261
Puente Alto,estacion de metro,Jumbo,"Av. Concha y Toro 3854, Santiago, Puente Alto",-33.5710787,-70.58482839999999
Puente Alto,comisaria,36° Subcom Los Quillayes,"Galvarino 4430, La Florida",-33.5643707,-70.5936256
Puente Alto,comisaria,Carabineros De Chile / Reten El Peral,"Ciprés de Las Guaitecas 3547, Santiago, Puente Alto",-33.5752651,-70.5727745
Puente Alto,botilleria,Botilleria el Pepe,"La Lechería 3026, Puente Alto",-33.6251219,-70.61049919999999
Puente Alto,botilleria,Botillería Solano,"Del Arquitecto 81, Puente Alto",-33.61768250000001,-70.611186
Puente Alto,botilleria,Botilleria San Mauricio,"Curaco de Vélez 3616, parad.51, Puente Alto",-33.626347,-70.6213641
Puente Alto,botilleria,Botilleria Sra. Lucy,"Pedro de Miranda 3482, La Pintana",-33.5896602,-70.6137528
Puente Alto,botilleria,Botillería y Minimarket La Ola,"Los Alamos 2883 / esq. Av. Santa Rosa, Parad. 52, Los Alamos 2883, La Pintana",-33.62688980000001,-70.6286647
Puente Alto,botilleria,"Botilleria ""El Toco""","Batallon Chacabuco 3183, La Pintana",-33.5910384,-70.6164293
Puente Alto,botilleria,Botillería Donde Nacho,La Pintana,-33.5933045,-70.6232078
Puente Alto,botilleria,Botilleria el titane,"Pl. de Armas 3543, La Pintana",-33.5925639,-70.61196660000002
Puente Alto,botilleria,BOTILLERÍA & PANADERÍA SOLANO,"Sgto. Menadier 2893, Puente Alto",-33.6203656,-70.60849859999999
Puente Alto,estacion de metro,Parada 2 - Paradero 48 Santa Rosa,Puente Alto,-33.61891,-70.6265
Puente Alto,estacion de metro,PF580-Avenida Juanita / esq. La Lechería,Puente Alto,-33.6250805,-70.6126597
Puente Alto,estacion de metro,PG1668-Parada 4 / Paradero 45 Santa Rosa,La Pintana,-33.611304,-70.62728109999999
Puente Alto,estacion de metro,PG195-Parada 4 / Paradero 38 Santa Rosa,La Pintana,-33.58794,-70.6282312
Puente Alto,estacion de metro,PG1748-Batallón Chacabuco / esq. Andrés Layseca,La Pintana,-33.5915168,-70.62287069999999
Puente Alto,comisaria,66° Comisaria Bajos de Mena | Puente Alto,"Av. Juanita 0699, Puente Alto",-33.6257686,-70.6126893
Puente Alto,comisaria,Carabineros Subcomisaria El Castillo,"La Primavera 03624, parad.41, La Pintana",-33.5947806,-70.61061219999999
Puente Alto,comisaria,Carabineros De Chile,"La Primavera 3741, La Pintana",-33.5947137,-70.6108019
Puente Alto,botilleria,Botillería The Billy Joe,"Av. Diego Portales 1695, La Florida",-33.5602024,-70.5636111
Puente Alto,botilleria,BOTILLERIA NUEVA TUPAHUE,"Av. Gabriela Ote. 02212, Puente Alto",-33.5751553,-70.5579003
Puente Alto,botilleria,Botilleria Refill,"El Cristal 10211, La Florida",-33.5503124,-70.57399810000001
Puente Alto,botilleria,botilleria BAJOCERO,"Av. Camilo Henríquez 2591, Puente Alto",-33.5767091,-70.5528599
Puente Alto,botilleria,Botilleria La Cava,"San Jorge 910, La Florida",-33.5580961,-70.57493240000001
Puente Alto,botilleria,Botillería La Previa,"Av. Diego Portales 1123, La Florida",-33.5616752,-70.5719295
Puente Alto,botilleria,BOTILLERIA FLORYBAR,"San Jorge 781, La Florida",-33.5582908,-70.5733298
Puente Alto,botilleria,Botilleria talladores,"esq - PE282-Sn. José de La.Estrella, Ramón Vinay, La Florida",-33.5525199,-70.5683459
Puente Alto,botilleria,Botilleria,"San Jorge 2227, La Florida",-33.5571696,-70.56430759999999
Puente Alto,botilleria,Botillería Reina de copas,"Valle del Sol 5618, Puente Alto, Santiago",-33.557062,-70.5596621
Puente Alto,botilleria,Botilleria Puente alto De Lara,"Av. El Peral 1211, Puente Alto",-33.5727844,-70.5690523
Puente Alto,estacion de metro,PE18-Parada / Paradero 22 Av. La Florida,La Florida,-33.5499936,-70.5665211
Puente Alto,estacion de metro,PE22-Parada 1 / Paradero 26 Av. La Florida,La Florida,-33.5589247,-70.5591475
Puente Alto,estacion de metro,PF3-Parada 1 / Mall Plaza Tobalaba,Puente Alto,-33.5691465,-70.5548831
Puente Alto,estacion de metro,PE280-Parada 3 / Paradero 26 Av. La Florida,La Florida,-33.5592746,-70.5590709
Puente Alto,estacion de metro,PE21-Parada / Paradero 25 Av. La Florida,La Florida,-33.5563585,-70.5611157
Puente Alto,estacion de metro,PE341-Diego Portales / esq. Calle 1,La Florida,-33.5610021,-70.5693687
Puente Alto,estacion de metro,PF1066-El Peral / esq. Cerro Loma Larga,Puente Alto,-33.5707803,-70.55375649999999
Puente Alto,estacion de metro,PF481-Parada 4 / Mall Plaza Tobalaba,Puente Alto,-33.5677622,-70.5552397
Puente Alto,estacion de metro,PF8-Parada / Liceo Juan Mackenna,Puente Alto,-33.5643586,-70.55503209999999
